symbol,Alb-Ar-KO,Sox2-Ar-KO,Sex
0610031O16Rik,-0.000239035272902098,-0.171253468879954,M
1110038B12Rik,-0.187847503779065,-0.194321210142228,M
1110065P20Rik,0.0559926343211961,-0.142056242865951,M
1700028E10Rik,-0.333876484079439,-0.119478186041823,M
1700037H04Rik,-0.25125057299886,-0.245084549170755,M
1810019D21Rik,0.119586358551584,-0.89867323920617,M
1810034E14Rik,0.280441390419593,-0.677342589399965,M
2010003K11Rik,0.0170975204194713,0.27802357032596,M
2010315B03Rik,0.0715484300005257,-0.429140463806292,M
2200002D01Rik,0.0258223739814196,-0.626692094790578,M
2310009B15Rik,-0.0110425215570813,0.0262010957015764,M
2310022B05Rik,-0.171070380560715,-0.116436060235528,M
2900026A02Rik,-0.0370708997617428,0.138130500693818,M
5033406O09Rik,0.274196747200123,-0.386702226345152,M
5730414N17Rik,0.619222554593425,0.350206143487412,F
9130409I23Rik,0.00656913230259942,-0.646247788707701,M
Aadat,-0.659163888583128,-1.17058245735294,M
Aass,-0.370403925849667,0.0747096194106764,F
Abca3,0.296118789366449,0.78604484860241,F
Abca8b,0.188556027109634,0.303255067870197,F
Abca9,-0.0210396779038891,-0.0150930763673526,F
Abcb10,0.160350171366158,-0.217414930390998,M
Abcb11,0.183376229113466,0.112063031907256,F
Abcb4,-0.178115784768867,-0.652389999087444,M
Abcc4,0.0431068677388847,0.470917778028446,F
Abcd2,0.795023777716681,2.51714985237825,F
Abcd3,-0.260015440071528,-0.553519821942179,M
Abcg2,-0.131347404968366,-0.970839085490118,M
Abcg5,0.0673813899638859,0.430365976835943,F
Abcg8,-0.0463447031300396,0.122073823478227,F
Abhd15,-0.661596082685389,-0.0012181843994252,M
Abhd17b,-0.433147514312927,-0.0695036064747179,M
Abhd2,-0.00635182978086489,1.65726273161758,F
Abi2,-0.0335562921531149,0.428534231160744,F
Abitram,0.394596335533273,0.426961949805045,F
Abtb2,0.773574799520983,0.112553261843042,F
Acaa1a,-0.319071105296174,-0.515855885223612,M
Acaa1b,-0.000312461317977189,-0.227806741163495,M
Acat3,0.226329554535074,0.297078140711762,F
Acnat1,0.34412734609797,0.418409436744542,F
Acnat2,0.94850579968151,2.58261331328682,F
Acot3,-1.52580795365279,3.5776970076708,F
Acot4,-0.562459693347878,1.44170564868366,F
Acot8,-0.287085860015053,-0.518512647378471,M
Acox1,-0.404656398777486,-0.435257707267881,M
Acox3,-0.112481971714013,-0.582052983915332,M
Acsf2,-0.0237033105869961,-0.396159223539191,M
Acsl1,-0.428434052741956,-0.34856341765613,M
Acsl3,0.761382908450759,0.232330721901147,F
Acss3,-0.101913626489695,0.803531266097444,F
Actb,0.473776103741252,0.467703691573113,F
Actg1,0.368838089650664,0.466330246731758,F
Acyp1,-0.245743981673976,-0.292797143972962,M
Adam23,-0.0634151310132914,0.0315758890723148,F
Adamts13,-0.121204442255166,0.0809469618963617,F
Adamts2,-0.267784002741519,0.158081854817167,F
Adamtsl4,-0.235685156472267,0.244690237102686,F
Adcy5,-0.0114968794477493,0.320068809941123,F
Adcy6,-0.660325116736877,-0.393736284808005,M
Adgra2,-0.239136877775687,0.301022213120575,F
Adgre1,-0.0832522489072189,0.354138659655766,F
Adgrf1,0.0887053297320717,0.371669483197617,F
Adgrg3,-0.0870675902332134,0.395650285580361,F
Adgrl1,0.286018144810388,0.368762602525169,F
Adgrv1,-0.313635645006659,-1.45013980567171,M
Adh4,0.230137516604509,-0.359480087738364,M
Adh6-ps1,-0.138619798222689,-1.18031940263576,M
Adh7,-0.236019444013744,-0.212240788806339,M
Adrb3,-0.074499145971133,-1.6033410677791,M
Afm,0.277505188701603,0.616144237556074,F
Agap2,-0.392423074956513,-0.498030001653328,M
Agk,0.256109808235759,0.281279476717563,F
Ago2,-0.468541328928106,0.491813248335728,F
Agt,0.0946955166236101,0.496903529801106,F
Agtr1a,0.32581052102346,0.325441703697727,F
Agtrap,0.174351820876594,0.420581598324312,F
Agxt,0.0316746518882776,0.66684250533246,F
AI463229,0.178229948627057,-0.976423585868287,M
AI480526,-0.0824634391434802,-1.16323080432612,M
AI661453,0.259838424399188,-0.426439311108809,M
Aif1,0.38944470387715,0.544027440683583,F
Aifm3,0.190835972510978,-0.258968622317085,M
Aig1,0.337519517291968,0.429383225100955,F
Ak2,-0.241140841501225,-0.0257435734308999,M
Ak4,-0.608090429626828,-0.172945925747134,M
Akap12,-0.0381828267900971,0.686438856808826,F
Akap8l,0.188023239083372,-0.574007155945575,M
Akna,0.123359821832236,0.551665386482066,F
Akr1c19,-0.340244968651488,-0.117983894071322,M
Akr1d1,0.0524241071898579,0.697230330003328,F
Alas2,-0.123456336576753,-0.934192499480988,M
Alb,0.154265347203235,0.592257578573488,F
Aldh1a7,-0.0329003558765171,-0.127247146414917,M
Aldh1b1,0.158665839515711,1.07346594863919,F
Aldoa,-0.164267662028065,-0.208839458510606,M
Aldoc,0.0240619304803377,-0.621192489715177,M
Alpl,-0.362869914150438,-0.363319938012783,M
Als2cl,0.349512584625051,-0.494280064846664,M
Amd1,-0.533503276349635,0.0948643912772316,M
Amdhd1,0.36927326811984,0.417194786780742,F
Amotl1,-0.33435867328718,0.471214582734803,F
Angel1,0.513558448857486,0.580054580664076,F
Ankrd12,-0.807631093397885,0.168950272834321,M
Ankrd9,-0.26556319709745,0.0505182042616046,M
Ano6,0.0345048537164151,0.042338243951654,F
Anxa7,-0.0772210741609447,-0.19017108854914,M
Aox1,0.178359634593923,-1.04186735742156,M
Aox3,0.165654693074102,-1.33366801344803,M
Ap3s1,-0.0998441367065614,-0.297435128812191,M
Ap5z1,-0.0781759683214615,-0.339188502420572,M
Apcs,-0.0664342611051089,1.04370602848085,F
Apex1,0.299766202666915,-0.275018533418121,M
Apom,0.0402136693258816,0.147023717906721,F
Aqp4,-0.148318051372905,-0.255824672610663,M
Aqp8,1.00784448212728,1.21777371615998,F
Arap2,0.103117884578503,0.221566199244952,F
Arhgap24,0.734477789439315,0.0351468066626811,F
Arhgap30,-0.0205030249195152,0.462050692820891,F
Arhgap31,-0.570833908905893,0.455010797661121,F
Arhgap6,0.267498884308609,0.516323842097211,F
Arhgef10l,0.633378925920971,-0.0631769891310425,F
Arhgef17,-0.447069963020633,0.633075673142788,F
Arhgef19,0.731776163022529,-0.127786861198508,F
Arhgef2,0.217716473434166,0.598002125814013,F
Arl4c,0.141638882151147,0.273698660870633,F
Arl6ip1,-0.254714292365078,-0.480983106843945,M
Armcx4,0.012446909167537,0.546239487747881,F
Arntl,1.60460570711718,-0.496858817481225,F
Arpin,0.624165757464918,0.412515180478854,F
Arsa,0.160829193792767,-0.356370535888168,M
As3mt,-0.0344154919706205,0.181597538348901,F
Asah2,0.0538056216492853,0.505779239285294,F
Asap2,1.0236592942477,0.00672755183168018,F
Asns,-0.444767460663662,-1.68094721096415,M
Atg16l2,0.333303583563112,-1.08877570024383,M
Atp23,-0.182163365807957,0.0712116578159772,M
Atp2b4,-0.288073130093544,0.589591721752296,F
Atp8a1,0.0514234580759264,0.707912283455943,F
Atp8b1,0.476766620955418,0.218000856806283,F
Atxn1,0.477151393136595,0.477162522095252,F
Atxn2,-0.0850656975505749,-0.523249061055805,M
Avpr1a,1.06082090032125,-0.00555540936309015,F
AW011738,0.663551691058818,0.952752165692526,F
AW112010,0.267899489204571,0.462298367399048,F
Axin2,-0.0145290266627381,-0.1906634228888,M
Axl,0.104292935534942,0.271193421427926,F
AY036118,0.593658362788853,1.05151803802134,F
B3galt1,0.161515592945565,0.154657622939808,F
B430119L08Rik,0.10578232707969,-0.263970304756839,M
Bach1,-0.598703812538221,-0.262540997314158,M
Bach2,0.348077777117828,0.559329447921599,F
Baiap2,0.836467678256731,0.683668505896507,F
Baiap2l1,-0.769681871353669,-0.305955363257217,M
BC024386,0.0151492648193896,-0.66240318245168,M
BC049987,-0.11624775223129,-1.89624238321817,M
Bcam,0.00265320751028125,0.631653505367772,F
Bcar1,-0.2544635926612,-0.393569690829248,M
Bche,0.0835991268432887,0.407958419554766,F
Bcl3,-0.113904662690596,-0.432617009776426,M
Bcl6,0.218269123848888,-2.02230234334204,M
Bcl7a,-0.0964446634495516,-0.424045686777862,M
Bcorl1,-0.169134927220903,0.027613079200456,M
Bgn,-0.166105092639223,0.175584766772516,F
Bhlhe40,-0.505049057472346,0.0510467444528961,M
Bhlhe41,-1.68005168488755,-1.07927810533065,M
Bicc1,-0.296312477674783,1.05443453442081,F
Bid,-0.00328761781475727,-0.158646390117452,M
Bik,0.344281375652861,-1.2218492106688,M
Bin2,0.207165903040972,0.115464892068787,F
Bin3,0.328253878011102,0.348917999516025,F
Blvrb,0.10943974997294,-0.180202182541881,M
Bmp10,-0.0541785062733187,0.0960504795028139,F
Bmp2,0.0279216714139045,-0.102430122828549,F
Bmp7,-0.457282100409434,-0.911422705445297,M
Borcs7,0.0477399467619172,0.290009182396018,F
Brap,-0.417969330291622,-0.468284549596971,M
Bri3,-0.205067255863494,-0.294518791013524,M
Btbd8,0.493581488613794,-1.11422686592407,M
Btg1,0.729817526315462,-0.270912827771175,F
Btg2,-0.190431789717238,0.329720628360788,F
C1qtnf1,-0.211534807415339,0.527381482075647,F
C1ra,-0.0448366272836698,-0.34889887523279,M
C2cd2l,-0.582620738115201,-0.0550691280341126,M
C3,0.111562189734678,0.443614386990977,F
C4a,-1.34669525428515,-2.43736163317829,M
C6,-0.295886230188645,-2.66258815019594,M
C730027H18Rik,0.560246643833788,-0.366839171433896,M
C730036E19Rik,-0.501922526269669,-0.771250413678105,M
C77080,-0.118735039982109,-0.0786869955138057,M
C8a,0.000259030201323796,-1.03998088344753,M
C8b,-0.265354137293681,-1.21996517747591,M
C9,-0.333999834426122,-1.62981749744476,M
Cables1,0.543420375861693,0.993264854926316,F
Cadm1,0.306767113592082,0.420473875523205,F
Cadm3,0.0375355895782788,0.372870622535497,F
Cadm4,-0.102758076910104,-1.07557305630614,M
Calcrl,-0.093014271754904,0.0459804541662289,F
Camk1d,0.0927877160183221,0.721494672457554,F
Camk2d,0.287342850016064,0.336839892282636,F
Camsap3,0.0812441068268978,-0.123777903704883,M
Capn5,0.560291163033962,0.52455053400133,F
Capn8,-0.780861403146366,-4.67487807772711,M
Car1,-0.151180191906669,-0.386431648644848,M
Car2,-0.263873171297174,0.4697079551986,F
Carmil1,0.514207551369021,-0.500424827899536,M
Cavin1,0.16021430201186,0.782886844159738,F
Cavin2,-0.414754342215632,0.325742097628707,F
Cblc,0.13208396424509,-0.402873896183778,M
Cbs,0.337948605310847,0.227567302228044,F
Cbx2,-0.337938934078676,-0.663592735228785,M
Cbx4,-0.396553416313393,-0.3364768080145,M
Cbx6,-0.14265541171091,0.605753766259747,F
Cbx8,-0.473483437042191,-0.214267949761567,M
Cc2d2a,0.624165545778482,0.929434122660346,F
Ccbe1,-0.398071803293779,0.268232618791905,F
Ccdc80,-0.172735653530411,0.341822056388806,F
Ccdc85b,-0.184671900026388,-0.0755862469014478,M
Ccl9,0.325030264761443,0.847650437268587,F
Ccn1,0.279127812913461,-0.713247662236777,M
Ccnd1,0.093835521678015,2.10610668714426,F
Ccnd2,-0.12137878662632,0.648750526091086,F
Ccnf,0.0635126204696039,-0.522317739129114,M
Ccnl2,-0.337244717955417,-0.551337311855832,M
Ccp110,-0.457790522020169,-0.256500603386956,M
Ccs,-0.116664220839085,-0.324841767872718,M
Cd276,0.653418942912469,-0.805627507771368,M
Cd300a,-0.10601895108351,0.175037260195001,F
Cd300ld,0.373790538496758,0.326662891508784,F
Cd36,-0.247812477415956,1.19207545010978,F
Cd38,-0.271455169581877,0.433229909540135,F
Cd44,-0.40894264342312,0.257720217734199,F
Cd47,0.213173946635938,0.500441498238748,F
Cd53,0.230809359506588,0.439477389442057,F
Cd93,-0.128498226595066,0.618431071924548,F
Cda,0.836888866645099,0.250665764554844,F
Cdc42ep1,-0.205984277796158,0.0404925303603727,M
Cdcp1,0.773358902342825,0.926392519787704,F
Cdh5,-0.00768799959200018,0.183299931146471,F
Cdin1,0.669657687389677,0.574150329167191,F
Cdk18,-0.314398130022308,-0.203133292365063,M
Cdk5rap2,0.299013457568333,0.365165330344664,F
Cdkn1a,-0.0822556503642943,0.0887215698697519,F
Cdkn2c,0.23716599871205,0.328152066258778,F
Cdo1,0.146421862898223,0.0948791171648033,F
Cds2,0.106359202565385,0.622624709809224,F
Cdt1,0.474315786097439,0.0591240328991391,M
Cebpa,-0.384350660947372,-0.232112125360655,M
Cebpe,0.260548848083336,-0.546540516410516,M
Cecr2,0.0155802605466603,-0.685917042608479,M
Cela1,0.105609662549696,-1.19404323923228,M
Celsr1,0.749104954620722,0.602447051772836,F
Cemip2,-0.376559823576915,0.237211318430153,F
Cep43,-0.112565364879312,-0.248976133039741,M
Cep85l,-0.173756944453176,-0.123689785576014,F
Cerk,0.0868284220825854,0.387605516048263,F
Cers6,-0.197395423317655,1.4107923533653,F
Ces1b,0.0907688333201134,0.353725155397275,F
Ces1c,0.300128260713073,0.514581825365301,F
Ces2c,-0.737956080804384,-1.57091413001073,M
Ces3a,-0.0342179168493199,-0.970102846434755,M
Ces3b,-0.17927636248238,-0.677187206371377,M
Ces4a,-0.0465766680329868,-2.71497514763121,M
Cfap20,0.132144201274103,-0.476069610379653,M
Cfp,0.00902744888921461,0.242076018813166,F
Chac1,-0.0896867580820011,-0.064035660121565,F
Chad,0.100851029973434,-0.622375697889321,M
Chic1,0.647539377602978,0.591527295226768,F
Chka,0.601375644958645,-0.00819185565289961,F
Chpf2,0.904984579779433,0.456853548581489,F
Chpt1,-0.475239146455,-0.862508784034879,M
Chrna2,-0.283708288649906,-0.859481663477564,M
Chst13,-0.353496916210753,0.129907703804637,M
Chsy1,-0.250615764429143,0.399937219720031,F
Ciart,-3.53872932289446,-0.0869990158711421,M
Cib3,1.48337161169081,-0.742123319762238,M
Cidec,-1.01587478229162,-0.58188066535243,M
Cipc,-0.456523634913548,-0.0876748038485441,M
Cited2,0.365318368910716,-0.792197014211581,M
Ckb,0.317818327184686,0.320559168448178,F
Cldn1,1.35370323509723,-0.219025036127903,F
Clec2h,0.339929041719189,-1.70083157172148,M
Clec7a,0.369004310614242,0.273418472372359,F
Clmn,-0.58362870366747,-0.154127787693457,M
Clpx,0.893617241727088,-0.314318667974004,F
Clstn1,-0.157160124596926,0.510661781530203,F
Clstn3,0.118656334669488,-1.12980726231122,M
Cmah,-0.183124963798809,-0.417498011965814,M
Cmas,-0.110625098661817,-0.465397911473174,M
Cmklr1,-0.110576556384201,0.357373478741658,F
Cmpk2,0.789163481301985,0.270403567554169,F
Cnn2,0.0692410239929512,0.536901973957758,F
Cnppd1,0.0180872467462376,-0.489992613230902,M
Cnst,-0.00304445439044286,0.464895188437304,F
Cntrl,-0.409066790654571,-0.565002325386938,M
Cobll1,-0.438912542034384,-0.480270815741106,M
Col14a1,-0.316257882781021,0.281578160742744,F
Col15a1,0.768263260125173,0.74008809133628,F
Col16a1,-0.0717444604228123,0.410164587430043,F
Col1a2,-0.139309645256286,0.25939526252944,F
Col27a1,0.0380904282408159,-1.18938050677156,M
Col3a1,-0.188957272401407,0.428589297546731,F
Col4a1,-0.1174369456608,0.439858890268477,F
Col4a2,-0.0540094849097658,0.329821875430337,F
Col5a1,-0.0499985920297508,0.343443801289306,F
Col5a2,-0.018794218624219,0.397650757490942,F
Col5a3,0.388263390314467,-0.511567186758484,M
Colec10,-0.399307454313902,-0.0424381759169297,F
Comt,0.152606790025628,-0.598208349743733,M
Coq10b,-1.32015131564379,0.0274651720576201,M
Coq7,0.0224041253422213,-0.433370384809828,M
Coq8a,0.810408202718845,0.282457862678366,F
Coro1a,0.520525791874057,0.76415619660128,F
Cox11,-0.139224240094552,-0.372162772428157,M
Cox18,-0.0486099555788478,-0.384711613121862,M
Cox19,0.0581564818922708,-0.10623508112336,M
Cox5b,-0.0679996134232613,-0.44323049390831,M
Cpsf4l,-0.540332910643675,-0.95653657345391,M
Creb3l3,-0.35453720074638,-0.53326505087921,M
Crebbp,-0.0182268521390641,0.641098277780706,F
Creld1,-0.268191182964925,-0.321407833666696,M
Crem,-0.279112875018801,0.0348302157604382,F
Crip1,0.24215675457029,0.763968530950384,F
Crip2,0.512893794423179,0.0739513154991816,F
Cry2,-0.244972489237585,-0.0605661908216971,M
Csad,0.365575388120072,-0.883762975832491,M
Csf1r,0.0821088624955961,0.147479536207735,F
Ctcflos,-0.95318493017806,-0.8756964957691,M
Ctdspl,0.0868731479039312,0.255990360850634,F
Cth,-0.0697145884308757,0.28817506484221,F
Ctps,-0.0821306856093487,0.572398332918284,M
Ctsc,0.525632279678901,0.988786029381543,F
Cttnbp2nl,0.019733988506179,0.386138647562774,F
Cul7,0.296602884158428,0.653931313689067,F
Cxcl9,0.629259693449001,1.37721465281175,F
Cxxc5,0.0254359333477212,-0.382221113428249,M
Cybb,0.102041921808879,0.0515703145067357,F
Cyfip2,0.62412071405133,0.533682947540278,F
Cyp17a1,-0.312096176191309,1.92905319075673,F
Cyp20a1,0.116933106312799,0.447299046075691,F
Cyp21a2-ps,-0.714630949814236,-1.89090394625406,M
Cyp26a1,0.122431642123792,0.382980092158041,F
Cyp27a1,-0.00408536873372667,-0.421962217936728,M
Cyp2a4,2.46879031853399,8.50172145892349,F
Cyp2b10,-1.6355275214034,2.27166289542883,F
Cyp2c37,-0.330627402816807,1.23824312852748,F
Cyp2c38,0.399046572676248,2.31625427595782,F
Cyp2c40,-0.308776389320653,6.29297553491752,F
Cyp2c54,-0.156943912469691,0.576202108515228,F
Cyp2c67,0.00290104342521117,-0.475703053872506,M
Cyp2c68,0.131038993772888,1.49383912821208,F
Cyp2d13,-0.174994924974835,-0.708666510660923,M
Cyp2d37-ps,-0.376046144875655,-1.03868116687317,M
Cyp2d38-ps,-0.509365036008145,-0.872451758362055,M
Cyp2d9,-0.293325827595527,-3.2008659410126,M
Cyp2f2,0.0725859498926739,-0.492577669334047,M
Cyp2g1,0.483389039718445,2.07678247190567,F
Cyp2j9,0.467091807794455,-0.496011034066953,M
Cyp2u1,0.858614186430432,-0.685091512285547,M
Cyp39a1,0.14835714415151,0.288243919857956,F
Cyp3a59,0.592345341917926,0.693602500530653,F
Cyp4a10,0.380909590087911,1.03601376686474,F
Cyp4a12a,-0.359071161595683,-2.54326852440098,M
Cyp4a12b,-0.338828290451529,-3.27902071870135,M
Cyp4a14,1.51597253373961,2.30487387735253,F
Cyp4a31,0.223869952258703,0.0153399508492106,F
Cyp4a32,-0.408385223540745,-0.850067174628249,M
Cyp4v3,-0.132470739102338,-0.490809610535126,M
Cyp7a1,-0.198797527958906,1.54192169110242,F
Cyp7b1,-0.979549495356397,-3.58686495757351,M
Cyp8b1,-0.282896497328412,-1.475644657713,M
Cyria,-0.342944705906788,0.359945485460223,F
Cys1,-0.342630979044315,-0.974724909091679,M
Cyyr1,0.0704213271348731,0.204683318477887,F
D130043K22Rik,0.539786769696883,1.23477197628171,F
D930048N14Rik,0.238669873672734,-0.683205400162221,M
Dact1,-0.753083293126318,-0.482012383236402,M
Dact2,-0.013027147557324,-0.2096505240013,M
Daglb,0.156487318178717,-0.318118948851181,M
Dapk1,0.470149552195472,0.575874191926016,F
Dbp,-1.22250094316625,-0.0701647825741238,M
Dchs1,-0.0908843859283787,0.497541604656887,F
Dclre1a,-0.372645640202197,-0.198512837006631,M
Dclre1c,-0.561796105743027,-0.486484245178208,M
Ddc,0.711892297303258,-0.0385673385493116,F
Ddhd2,-0.593562925721178,-0.478458702513167,M
Ddit4,0.0522723561745257,0.0592962167145349,F
Ddt,-0.0946011087528063,-0.449967447506298,M
Ddx11,0.420257169419413,0.110653749794138,F
Ddx3x,-0.0784486150173775,0.149121410271272,F
Ddx3y,-0.106654845973657,-0.0909163394265308,M
Ddx58,0.688200711544006,0.249851721968697,F
Ddx60,0.897125246356269,0.466905845080052,F
Dedd2,-0.704307891320779,-0.624504507668121,M
Denn2b,0.776452788312053,-0.0910361455509063,F
Dennd2a,-0.248441708497009,0.467386216068388,F
Derl3,-0.0637907932925648,-1.20136869064022,M
Desi2,0.1375411408306,-0.0103963335706747,F
Dgkh,-1.28507031649378,-0.326969542038633,M
Dhrs4,-0.0954408002433138,-0.382025407734064,M
Dhrs7,0.203695923477893,0.487256503330836,F
Dhrs9,1.38741769930846,0.582055379840821,F
Dhx58,0.842614706374291,0.121374545593073,F
Dipk2a,-0.27385197713316,-0.329315741990652,M
Disp2,-0.66798525135523,0.387982884100258,F
Dll4,-0.390768699010432,0.628958950162271,F
Dmxl2,-0.0143740638085338,-0.78563586696472,M
Dock2,0.129179093098316,0.411963873249751,F
Dock7,0.166502202837707,0.418465661124952,F
DPCD,0.0422552388001068,-0.181241630674056,M
Dpp7,0.0690768368529632,-0.561449616305497,M
Dpy19l1,-0.138301441197468,-0.45123339202104,M
Dpy19l3,-0.313891577901557,-1.71946185149595,M
Dqx1,0.198476573520553,0.489332582689736,F
Dse,-0.175668297678784,0.15410336719757,F
Dtx4,0.794626365593817,0.148282777361339,F
E130311K13Rik,0.799080513783487,0.449200338537489,F
Echdc2,-0.000478734988372734,-0.595569217087721,M
Eci2,-0.400474719441065,-0.361842187381353,M
Edem1,-0.0655121866938112,0.492819024052508,F
Efemp2,0.138333642915632,0.381008703713304,F
Egr1,0.732327641515658,-0.554447136473454,F
Ehbp1,0.390981111909249,0.29798842404002,F
Ehbp1l1,0.291797529188753,0.354610199706924,F
Ehd3,-0.183633206526597,0.11297447574337,F
Eif1a,-0.00886797434778692,0.353213086029706,F
Eif2s3x,-0.0544471888985689,0.162668985686932,F
Eif2s3y,-0.044070067275521,-0.245160817894119,M
Eif4ebp1,-0.187134238479898,-0.514411277334323,M
Eif4ebp3,-1.74696465104968,-0.852936101282105,M
Eif5,-0.160848961120694,-0.44106798156064,M
Elf4,0.155182645599144,0.442881600975458,F
Ell,-0.238920501609048,-0.218484126104977,M
Elovl3,-0.00718990776985772,-3.96136483447244,M
Elovl5,0.588546974532997,1.44296820951273,F
Elp4,0.475897376351827,0.38993188036958,F
Emilin1,0.00278927146611731,0.0925526082907973,F
Emp2,0.212113593073107,0.661368290710751,F
Endog,0.0828786715143847,-0.253774667502048,M
Enho,0.230323209263941,-0.697754097492964,F
Enpep,0.180022960885815,0.703129383683626,F
Enpp1,-0.00187962291079058,0.434048392925948,F
Enpp3,0.179040036545236,-0.469961429075209,M
Enpp5,0.0208002449220371,-0.640993165923583,M
Entpd1,-0.239182832109218,0.393095202257644,F
Entpd5,-0.0852186256771172,-0.33355163925238,M
Epb41l4b,-0.0698190767571671,-0.305818744560321,M
Epb41l5,-0.0592835180695932,-0.618765559217705,M
Ephx1,0.271780413045739,-0.420767957378004,M
Ephx2,-0.16874668616945,-0.619381672981794,M
Epm2a,0.394110084692931,0.398120817351664,F
Erbb4,-1.26203254101297,-0.234104988470913,M
Erdr1,-0.00641066489649477,-1.42808939711907,M
Erf,-0.108518715914476,-0.170059599073397,M
Esr1,0.1969789605375,1.41332948221333,F
Etfbkmt,-1.08055632032183,-1.51680648205466,M
Etl4,0.354052376693997,0.18349363591322,F
Ets1,0.00409358726807699,0.603384866700611,F
Etv6,0.0914493414692259,0.415565420235306,F
Eva1a,-0.279757782671328,-0.240147035836088,M
Ezr,0.0205465391191544,1.16360356148631,F
F2r,-0.0414980595768184,-1.03439005162668,M
F3,-0.26089723334919,-0.36661705200409,M
F7,0.0829683117752699,0.280535454509925,F
F830016B08Rik,-0.40228947528002,-0.84616603363751,M
Fabp1,0.00740304484033157,-0.320524622228128,M
Fabp2,0.163128312444244,0.151919643410593,M
Fabp4,-0.147196358308326,0.64113109357341,F
Fads3,0.350954002778767,0.910286325265076,F
Fam102a,-0.545058381706232,-0.340312974226242,M
Fam126a,-0.184651864726701,0.417206154407835,F
Fam126b,-0.820930385875163,-0.600147408268137,M
Fam13a,0.609180466083039,0.15127788073305,F
Fam13b,-0.17122513278021,0.0513168889695889,F
Fam193b,-0.0359300018634027,-0.724423600144896,M
Fam47e,-0.472431009621343,-0.0154671521510914,M
Fbxl20,-0.306609854908254,-0.419513697430532,M
Fbxo21,0.0221055105105276,-0.728236136063073,M
Fbxo31,-1.08988114082479,-0.509632222379666,M
Fbxo36,-0.144180748443043,-0.464045844827137,M
Fdps,0.470537775693983,-0.707922734838782,M
Fez2,-0.0598749460347985,-0.127855227242133,M
Fgfr1,-0.36178190680645,-0.517137179888149,M
Fgfr2,0.238437582416418,0.353593030884817,F
Fgfr4,0.265628467431164,0.445009973831629,F
Fgl2,0.373429861101259,0.385680148259828,F
Fhip2a,-0.259338992335197,-0.237055000775846,M
Fign,0.654951809093817,0.72884797155934,F
Fitm1,-0.290493994717686,-0.753787848541468,M
Fitm2,-0.881669695681963,-0.0770274959725869,M
Fkbp11,-0.0796655931806961,-0.749705970757637,M
Flna,-0.220706640678243,0.354790104745031,F
Flvcr2,0.857691952319567,1.14394585291466,F
Fmnl3,0.0508291848597941,0.553521502253018,F
Fmo1,-0.00523908276320239,0.875000399276656,F
Fmo2,-0.74436646680383,2.53285601823305,F
Fmo4,0.767034054220247,1.46955457850963,F
Fnip1,-0.425133658965639,-0.55106478547355,M
Foxa1,-0.507938963953082,-0.469117873887181,M
Foxa3,-0.864929496185352,-0.189867604702311,M
Foxn3,0.328137285988941,0.512055196215991,F
Foxo1,-0.280430579620607,0.338391220855627,F
Foxp1,-0.0457407807931199,0.273175345616727,F
Foxp4,0.200040169188241,-0.310317604966812,M
Frk,0.785683216389421,0.707420754106406,F
Frmd4b,0.263181143309621,0.0221478052870618,F
Fscn1,0.180782231230263,0.662800643121039,F
Fstl1,-0.0767166456641004,0.433070880195759,F
Fut8,0.170269638432658,0.917461486754925,F
Fzd4,-0.376624773528557,-0.247775494282729,M
Fzd5,-0.205788641044395,-0.270484667719121,M
Fzd7,0.160490770816374,0.0183666775001835,M
G0s2,-1.21595254334488,-0.21689902478343,M
Gabrb3,-0.18981333342475,-0.92156913345886,M
Gadd45g,1.42272846660405,0.815265022953296,F
Galns,0.194646738127964,-0.367605405659524,M
Gas5,-0.0370172855117926,-0.145245488651431,M
Gas6,0.210841845027549,1.19988982346539,F
Gatm,0.356503199544404,0.269602919859548,F
Gbp10,0.35144520651012,0.597182013952451,F
Gbp2,0.239477201005048,0.995304555743783,F
Gbp3,0.390256929181945,0.672856241169523,F
Gbp7,0.199734213280641,0.6669515169266,F
Gbp9,0.0335696190668955,0.372647177624166,F
Gcgr,0.027079039115479,-0.506524120300419,M
Gcnt4,-0.167718591831619,-0.882911871143031,M
Gde1,-0.672236961200761,-0.344629641029991,M
Gemin2,-0.519020770111713,-0.406372073316413,M
Ggct,0.143831527058857,0.210911049840218,F
Ggh,0.299602969281993,0.39839081909895,F
Gja1,-0.141138249274072,0.39612194903965,F
Gldc,0.771364117306643,0.012235470855716,F
Glrx5,-0.132281059967339,-0.343836682963099,M
Gls,-0.000989861556072006,0.459938499390918,F
Gls2,0.0554120956131414,0.349560302011408,F
Glyat,-0.218146593489926,-0.655619079753888,M
Gm10123,-0.0680905657384576,-0.65057329405622,M
Gm10736,-0.0887744255726452,-0.130944331049414,M
Gm10925,-0.0197318970079696,0.83741536304469,F
Gm11437,1.37454697704388,1.19047706379674,F
Gm11789,0.121641915615739,-0.322303708031068,M
Gm12909,-0.309875330976797,-0.328474733333464,M
Gm14325,-0.991501685501649,-0.0207605271176868,M
Gm14403,-1.54668827192656,-0.0710910503193462,M
Gm15318,0.262209930464797,0.329010099107262,F
Gm15417,0.00665437553203654,-0.232847314408123,M
Gm15564,-0.291319183616375,4.45517817589185,F
Gm15638,-0.545296904425004,-1.24563449467883,M
Gm15883,-0.0844718441044693,-0.783356338555294,M
Gm16551,-0.429242696745316,-0.44207102482524,M
Gm20319,0.236036418900465,-0.388801768710984,M
Gm26967,0.0037657186984633,-1.55966497552246,M
Gm27216,0.0656524331182033,0.55544622722349,F
Gm28437,0.019987846567275,0.987898461584696,F
Gm28439,0.265335775738852,0.724323219269856,F
Gm28661,0.171550755281064,1.35187022103528,F
Gm29216,0.0313283302294259,1.01541985775565,F
Gm29966,0.864281824162213,2.07694305979689,F
Gm2a,0.292173642743467,0.449113206752401,F
Gm31583,0.00378553803399925,-1.5111908529118,M
Gm33543,0.146161083913634,0.955524676597156,F
Gm33989,-0.0647125162355979,-0.493292433281831,M
Gm34667,0.592558140907282,0.500648204040312,F
Gm35696,-0.825966297909189,-2.52123914881226,M
Gm36041,0.860855350345443,0.934224251813182,F
Gm36419,0.0528303571434282,0.359672539546048,F
Gm38345,0.46442268947005,0.548145062336689,F
Gm3839,0.479298447797957,-1.47980417709639,M
Gm38416,0.105684861661535,-1.79351886762563,M
Gm45470,0.0303056016892247,-2.09896329396107,M
Gm45792,0.975188601770101,-2.21718279317866,M
Gm45871,-0.458656382606877,-0.539051737806969,M
Gm46430,-0.0682177352727015,-0.667793850625693,M
Gm47283,-0.370777914633776,-1.71758322496176,M
Gm4956,-0.140307434198337,-1.78102442276289,M
Gm50136,-0.145104191930167,-4.16620163425469,M
Gm53019,-0.379918834425887,-0.63719039425312,M
Gm5345,0.268794286468684,0.0993203857714844,F
Gm5424,-0.0905709103391873,0.393915400563133,F
Gm8883,0.278181543110345,0.430041656507804,F
Gm8941,-0.347823940915688,-0.455689198013015,M
Gna12,-0.189797645144955,-0.489209957971838,M
Gnas,0.0125395537016495,-1.20746266382977,M
Gng11,0.299672997555893,0.478531394068859,F
Gnl3l,0.132537443242897,0.448713584037116,F
Golm2,0.329061972512098,-0.106546603165832,F
Gorasp1,-0.375890016280512,-0.108067405598941,M
Got1,-0.613025653145668,0.911049351110243,F
Gpc1,-0.0338031467187879,-0.640239951239355,M
Gpd1,0.0217917359357302,-0.599587246782292,M
Gpr146,-0.17115732563972,-0.0236343357580747,M
Gpx4,-0.0985776736410044,-0.174506115780454,M
Gramd4,0.936138163877254,0.635849446816288,F
Grb10,-0.244812361429201,0.638851118690732,F
Grem2,-0.808774177944719,-0.936528990894924,M
Grhpr,-0.0415522902631413,-0.57900939912636,M
Grina,-0.0138220996142943,-0.397622683698946,M
Grk3,0.441577965020348,0.394986852398229,F
Grk5,0.540822143362779,0.30057813360957,F
Gse1,-0.148508855601599,-0.479278359638941,M
Gstp-ps,0.131559971075847,-2.40829129313201,M
Gstp1,-0.0430124800125305,-2.6426026080445,M
Gstt1,0.0979485897146617,0.487984204563598,F
Gstt2,-0.131807269243195,0.0833671847479313,M
Gstt3,0.0245461326597621,1.45002791906071,F
Gtf2a1,0.0753844095457715,0.599997461846924,F
Gucy1a1,-0.111322321742506,0.272217134808473,F
Gucy1b1,-0.269345032358868,-0.0382246494768142,F
Gxylt1,-0.409278766967044,-0.336806952869162,M
Gypc,0.569261585164429,1.01211174803984,F
Gys2,-0.904347116962826,-0.184782092371361,M
H2-Q1,0.0283078017047923,1.58725670596509,F
H2-T24,0.347460604952155,0.467288367153242,F
H2aj,-0.0724295972264666,-0.153643476933189,M
H2bc4,-0.436715717172011,-0.739269841816179,M
Hacl1,0.178038031532741,0.277992148648222,F
Hal,0.541878312267086,0.5315329562783,F
Hamp2,0.205825540030772,3.63616054710439,F
Hao1,-0.157094786882641,-1.0142503884056,M
Hc,-0.248068255607372,-0.86805315011804,M
Hcls1,0.21370074678456,0.462927830430365,F
Hcn3,-0.274139317115158,0.444805415656576,M
Hdc,-0.48517635115727,-0.812641322751138,M
Hdhd3,1.17352012860755,0.583918347828598,F
Hecw2,-0.795876107731095,0.168505843070488,F
Heg1,-0.089078236935156,0.804069101346283,F
Helz,-0.0373127169164444,0.261913423589025,F
Hes6,0.0650488224703388,-0.56840308171943,M
Hexb,0.00755306576949932,0.94906375800336,F
Hhex,0.489566300948479,-0.263381329079844,M
Hip1,-0.337348585008149,0.452825398091475,F
Hipk2,0.00215097786372519,0.939769018012628,F
Hlf,-0.431915258036994,-0.0159987832672624,M
Hlx,0.244035741841281,0.146847247875584,F
Hmgcr,0.485886281583953,0.481130745736724,F
Hnf1aos1,-0.0337676407277553,-0.742717001484115,M
Hnmt,-0.0915205475683411,-0.102495104602324,M
Hnrnph3,-0.379647354520453,-0.463430254094658,M
Hook2,-0.291521780502455,-0.193621241314204,M
Hopx,-0.45301441734807,-0.558268340512481,M
Hp,-0.317551036269322,-0.651739851564127,M
Hprt,-0.138510688033859,-0.415521269566649,M
Hs3st3b1,-0.189596589195499,0.966303414667947,F
Hsd11b1,0.0463366949026739,0.509190011206006,F
Hsd17b10,-0.325602989168259,-0.37989207680084,M
Hsd17b4,-0.179675543368247,-0.455891445867345,M
Hsd17b6,0.240232540096527,1.24809003486252,F
Hsd3b2,0.445106972271291,-0.451492373222267,M
Hsd3b3,0.163829061766468,-0.401901710498046,M
Hsd3b5,0.27728399861332,-2.91283990261993,M
Hspb1,-0.509269821101156,-1.0602418615168,M
Hspb6,0.364028586352969,-0.697151618275201,M
Iah1,0.0307884980924211,0.348844558821705,F
Id2,0.032943157504128,-0.415507783032228,M
Ide,0.0315834462501306,-0.903579356657858,M
Ier5,0.36083806140114,0.425817837566148,F
Iffo2,-0.26151468401963,0.291722975475596,M
Ifi207,-0.254582828010073,-0.0251973001569032,F
Ifi27l2a,0.551256329717535,0.308276178150559,F
Ifi44,0.396297068562763,0.594109764911751,F
Ifi47,0.658345573423953,0.0595927633680243,F
Ifit1,0.710957127618451,0.579127590210999,F
Ifit2,0.121247103350602,0.0972857836892503,F
Ifit3,0.501825239273187,0.476367533559196,F
Ifit3b,0.402046710832863,0.65215736212929,F
Ifitm1,-0.026075504787759,0.418112348731627,F
Igfbp1,0.621734685574039,-1.75092524241435,F
Igfbp5,0.415903931512691,1.40857838032617,F
Igtp,0.526298358121379,1.44890829880688,F
Ihh,0.651630455017906,-0.935992513271821,M
Ikbke,0.642378271242881,0.237203487938376,F
Ikzf1,0.277388760332626,0.431430273327504,F
Il11ra1,0.209629626524642,0.360122556361669,F
Il13ra1,0.0508379296687773,0.394429667351567,F
Il15ra,-0.597117128833534,-0.456189304861614,M
Il18bp,0.284375680852943,0.370597058483129,F
Il1rn,-0.778450357083743,0.674687319329676,F
Ildr2,0.236957573069547,1.34053556595598,F
Inhbb,-0.469490841181738,0.365807627155599,F
Inhbc,0.127344306340254,-0.307270578893909,M
Inhbe,-0.816248890148533,-0.208261155609271,M
Insc,1.00130933444826,0.0975882029227051,F
Insig1,0.601523843444639,-0.0207230431990885,F
Ip6k2,0.0442080979017872,-0.68467878258202,F
Iqgap1,0.0468090240230973,0.401847326672943,F
Irak2,0.00209914938102798,-0.688623854511335,M
Irf2bp2,0.459296089182778,0.230308900792982,F
Irf2bpl,-0.330098476906446,-0.415901442138212,M
Irf5,0.448792009020221,0.227481604740213,F
Irf8,0.19837755160394,0.504301534101369,F
Irgm1,0.462917548528381,0.233237435915711,F
Iscu,-0.051057634692452,-0.408065349339589,M
Isg15,0.713863321267757,0.278723131252714,F
Itga1,-0.243622067142638,0.11004027909648,F
Itga8,-0.160607706347416,0.240843969559092,F
Itgal,0.104930590999677,0.208307267257105,F
Itgb2,0.1145176489669,0.314367662128932,F
Itgb3,-0.739259961226141,0.795647716628776,F
Itih2,0.166559672006093,0.491102917252804,F
Itih4,0.0365681429813045,0.289932630249972,F
Itpkb,-0.10132337007382,0.355770468352066,F
Itpripl2,-0.228099674273625,0.533087243780481,F
Ivns1abp,-0.921313849908115,-0.274724276346691,M
Jade1,-0.213728503078819,-0.223358264638576,M
Jag1,0.0423949665598809,0.377010500292581,M
Junb,-0.298035490699837,-0.861324685039128,M
Kcnj8,0.218687048827164,0.502589626231008,F
Kcnk6,-0.125266210386095,0.447589441229111,F
Kcp,0.290729911770177,-0.433391479474323,M
Kctd12,-0.0829682386640487,0.334409570846787,F
Kctd15,-0.315148933038936,-0.785343974481182,M
Kdm5d,0.195781862998818,0.118963738146451,M
Kdm6a,-0.181117110616818,-0.122876291298995,F
Keg1,-0.344917327094293,-0.0863420377521206,M
Kif16b,-0.0167864435589333,0.482445934090063,F
Kif21b,0.406614896062277,0.555541753826756,F
Kifap3,-0.0496669883965801,0.483541058819116,F
Kifc2,0.0613635317258243,-0.635496562406249,M
Kifc3,0.521154161323407,-0.0185372424350787,M
Klb,0.231701135718439,0.678821973882272,F
Klf12,-0.172356428086999,0.119625973923164,F
Klf16,-0.457136503284535,0.0491658239562675,M
Klf2,0.598629818762136,0.388758676535126,F
Klf6,0.364971368395474,-0.0134360535009317,F
Klf7,0.2439586957496,0.389469740782944,F
Klhdc7a,0.201404341215721,-0.264775112581828,M
Klhdc8b,0.169851276435017,-0.617720853362121,M
Klhl13,0.25093196730797,0.85407257465882,F
Klhl21,-0.955221263628624,-0.223175490055402,M
Klhl25,0.0784665534360516,0.450576793424452,F
Klhl26,0.55754968738995,0.565392763269266,F
Klhl3,-0.306243442984484,0.164045563937052,F
Lacc1,0.49711285030932,0.485611561483023,F
Lactb2,-0.0314077283367778,-0.444908898463619,M
Lad1,0.102683932436837,-0.956168825581021,M
Lama3,-0.161782685258014,-2.39838766553357,M
Laptm5,0.176338645172315,0.33378975688195,F
Lars2,-0.241103703501032,5.47752554928454,F
Lbh,0.191517643643208,0.281598832286232,F
Lbr,0.280764640854631,0.392231370681765,F
Ldah,-0.167711002591017,-0.502905600469239,M
Ldhd,-0.182629154855493,-0.666250669565868,M
Ldlrad3,0.280237682971216,0.415012762033569,F
Lect2,-0.0482362812984507,0.256652901829771,F
Leng8,0.319767882644161,-0.738142034096695,M
Leo1,0.557377253877897,-0.13562702349705,F
Lepr,-1.10389054808087,1.87371627650736,F
Lgals4,-1.12385187859179,-1.22232202855186,M
Lgalsl,0.657909880681017,0.167709139216628,F
Lgr5,0.647389986208389,-0.272302988355488,F
Lhfp,-0.352603037144718,0.495948470941892,F
Lhx6,0.27673690195983,-0.574854272187205,M
Limd2,0.138978146189103,0.222633760130308,F
Lims1,0.188647807368702,0.360117308210817,F
Lims2,-0.222428780142849,-0.537972201371733,M
Lipa,0.298064921446296,0.43725525178852,F
Lipe,-0.175465216535362,-0.477583155616531,M
Lix1l,0.22051639701595,0.322776089239185,F
Lmbr1l,-0.362675870165308,-0.803098979186731,M
Lmo4,0.0675693009214912,-0.433294448413236,M
Lnpep,-0.112891447438177,0.454593963714641,F
Lnx2,0.472159634527711,0.0142818361103065,F
Lonrf1,-0.893977584416675,0.267847110641512,M
Lpp,-0.262834574420872,0.602418307149596,F
Lratd2,0.365495762885618,2.49029566832172,F
Lrg1,-0.406264432765489,-1.37696101727528,M
Lrp4,-0.777781103056548,-0.0458833032653065,M
Lrrc20,0.139179214605531,-0.416136188462711,M
Lrrc28,-0.691592351886474,0.107437219608403,M
Lrrc32,-0.297677242559223,0.180898977211606,F
Lrrc45,0.0102035985340229,-0.429276026943219,M
Lrrc58,-0.254492589965187,0.484461921435478,F
Lrrc8c,-0.471491612714726,0.434330841870178,F
Lrtm1,0.273033747320873,1.6477042166487,F
Ltbp4,-0.250651699209045,0.442236643412406,F
Ly6g2,-0.00621058054549823,0.602485691161668,F
Ly86,0.213028154540825,0.282968173312811,F
Lyve1,-0.81802280473979,1.10510307938371,F
Mad2l2,0.65936560223745,0.151479756941997,F
Maff,-1.06859229421595,-0.925838477423376,M
Mafg,-0.226459200499642,-0.250550911337608,M
Maged2,0.28676864904616,0.511329857859304,F
Magix,0.461823851412929,0.268932718882671,F
Malat1,-0.558565153127341,1.09679562391932,F
Man1c1,-0.0284436871117232,0.463967393119327,F
Man2b2,0.273210752080759,0.463911143450031,F
Maob,0.212993838746773,0.638522283920397,F
Map1lc3a,-0.05445029967257,-0.6136533209418,M
Map3k21,-0.500974668146616,0.121310397281298,M
Map3k5,-1.11223716083155,-0.256604030732771,M
Map4k4,0.0988273505334534,0.56564875241182,F
Mapk15,0.950434092789856,-0.275040827746766,M
Mapre2,0.299692526996206,0.416302119850674,F
Mapre3,0.0910709816621106,-0.511193601012777,M
Marchf8,-0.139411230201481,-0.404967778432176,M
Marcks,0.0623746597494436,0.576404723996488,F
Marcksl1,0.0476569874411109,0.397224655651589,F
Marco,-0.290710068899644,0.284294743120462,F
Marveld1,-0.273863687015227,-0.0773392118311358,M
Marveld2,0.288102947547945,-0.562089670159026,M
Mast3,-0.370050153132348,-0.267956816877949,M
Mast4,0.395922865589389,0.294418534030384,F
Mat1a,-0.0556011784381394,0.708146381263044,F
Mbd1,-1.43121111308418,-0.820583568089429,M
Mbd6,-0.096521308239375,-0.33791509140299,M
Mbl2,0.358010554425331,0.810658005811067,F
Mbnl2,-0.580644378034226,-0.743582617713734,M
Mcam,-0.0594367544174706,0.698168407494102,F
Mcc,0.205529625654943,0.034512252682858,F
Mcm10,-0.589787886938944,-0.474036767974416,M
Mcm3,0.578063161740042,0.462200517243023,F
Mcm5,0.809736812103319,0.327388841524574,F
Mcm6,0.691648976630724,0.440580752218911,F
Mcu,0.644330063863645,0.330305540580461,F
Med13,-0.0480380634518624,0.363931635841033,F
Med13l,-0.194660758230148,0.472115257319173,F
Meg3,0.276099482416425,-1.24716539402481,M
Megf9,-0.453710130353671,-0.346552265136511,F
Mertk,-0.188202532491619,0.324695886986283,F
Mettl26,0.0157880074957625,-0.321952071250077,M
Mettl4,0.0730120655807768,0.325527471865393,F
Mfsd12,0.300115556423275,0.528553539612195,F
Mfsd2a,-1.89427837178146,1.62854078435468,F
Mgll,-0.112892621843486,-0.230791967687495,M
Mgst1,-0.199304033971018,-0.609413481217843,M
Mgst3,0.858808493232476,1.99421391733203,F
Mib1,-0.169524317490644,0.387973391615171,F
Mid1ip1,0.585367851777179,0.227650699170849,M
Mief2,-0.0725748701487006,-0.63729399579922,M
Mif,0.0780563408928671,0.0394832038014652,M
Mir22hg,0.397660999676668,-0.583652162660364,M
Mir5125,0.0768748374169541,-1.30214659992654,M
Mir6236,-0.193390717548602,4.67262537941203,F
Mki67,0.0364142653372154,0.405869910300307,F
Mlkl,0.874849315019458,0.435728338214744,F
Mlxipl,0.112919471804319,-0.510942141885531,M
Mmd2,0.205057958782627,2.36182491719111,F
Mme,0.131922173768944,0.841898902917188,F
Mmp14,0.635891269965746,0.933782581872237,F
Mmp15,0.100689994937204,-0.778826155832443,M
Mmp19,0.297698931202905,0.419489982337796,F
Mn1,0.37704315372965,-0.322627439691853,M
Mnt,-0.0402306638474176,-0.534852189551415,M
Mob3a,0.465140814763161,0.665470669346281,F
Moxd1,-5.70135410974815,-6.51879764296044,M
Mpc1-ps,-0.0763156015337946,0.699206731733244,F
Mpzl1,0.639932289698686,0.195190209498741,F
Mreg,0.764358172259468,0.282988833735052,F
Mrps36,0.0301666353482729,-0.418651828605151,M
Msh2,0.493508422093165,0.28091564322402,F
Msi2,0.0687233367734826,0.429793185651763,F
Msn,-0.00593970936387396,0.400101146743353,F
mt-Atp6,0.165525982285784,1.37963769577257,F
mt-Co2,0.180891120383997,1.5175796536607,F
mt-Co3,-0.0621246247138819,1.24484389072233,F
Mt1,-1.38663616827652,2.62466575855992,F
Mthfr,0.39116604227709,-0.0406904983264674,F
Mug1,-0.121675059497234,-0.672924560846942,M
Mug2,0.23638525424828,0.637233745597505,F
Mup1,-1.28185475093113,-5.47399707311008,M
Mup11,-0.654558602247453,-6.70629268451481,M
Mup12,-0.766456863652825,-4.69453873200804,M
Mup14,-0.845888867983839,-8.16453865669862,M
Mup15,-1.15225098376833,-9.64405149294626,M
Mup16,-1.37757170369067,-4.90768521638381,M
Mup17,-1.06300652156429,-8.37609610050294,M
Mup2,-0.40439071406987,-0.986562748628284,M
Mup20,-0.198175900871744,-4.64643602813626,M
Mup21,-0.794320109595349,-3.28109670151962,M
Mup3,0.0631552230548623,-1.32367316302047,M
Mup7,-0.909520372488625,-10.368838095599,M
Mup8,-0.96393125116328,-5.35179657033648,M
Mup9,-2.75233154200817,-6.19646806191025,M
Mvb12b,0.356531690281576,0.42834039774342,F
Myadm,0.00708658383938769,0.526425461953824,F
Myo1d,0.252841423515676,0.542148069455084,F
Myo1e,-0.487871249091218,-0.514708432901797,M
Myo9a,0.0316797893087438,0.232739914247398,F
Naa80,-0.117929844474943,-0.495186771996863,M
Naip2,0.12903722595955,0.736177646952466,F
Nap1l1,-0.176246472548087,-0.392214949609045,M
Nat8,-0.40742250660349,-1.07744384413151,M
Nat8f2,0.0772443358135425,-0.481322841921672,M
Nat8f5,0.226769199911052,-2.48312482085089,M
Nav1,0.137066740084427,0.530984419324502,F
Nav2,1.25986827783827,0.93839468475893,F
Ncald,0.600364589724218,0.535705082768248,F
Nckap1l,0.0203118138673696,0.293319980506414,F
Ndrg1,1.02115364670396,0.725546018369088,F
Ndufa12,0.0182948409118952,-0.470116325113531,M
Ndufa8,0.00817049958398811,-0.260727784578346,M
Ndufaf4,-0.372667559887614,-0.105063294928478,M
Ndufb3,-0.214055867644424,-0.424293458627281,M
Ndufb6,-0.037168246195946,-0.421058611219044,M
Ndufs6,-0.033629472223982,-0.425342751661511,M
Nectin2,-0.0734318510687068,-0.348175206774117,M
Nedd4l,0.168104090444108,0.110717522093118,F
Nek1,-0.555760741927446,-0.464033546186864,M
Nes,-0.0925548611077648,0.509881352117818,F
Nfam1,0.23571978291265,0.323076983010469,F
Nfia,0.23955513961734,0.884816098692855,F
Nfib,0.319999249233386,0.537379454520886,F
Nfic,0.012924195591421,-0.122740628129589,M
Nfil3,0.0822571092585476,-0.699347510310612,F
Ngfr,0.546832627625634,0.944224973558353,F
Niban1,0.137535503335909,0.411964243678125,F
Nid1,-0.178006492995248,0.41995762327322,F
Nid2,0.489850084171354,0.456730789206456,F
Nin,-0.220856650476558,0.481003570976542,F
Nipal1,1.04555485812931,3.18726923760872,F
Nmi,0.478934886397345,0.345279740958079,F
Nmrk1,-0.644512520759269,0.185841413074401,M
Nop10,-0.0100823891912238,-0.207377468913017,M
Nostrin,0.556672741644214,0.477958606418399,F
Nox4,-0.0582547600584604,-0.865382916721722,M
Nqo1,0.504193894379897,0.994560158662893,F
Nr1d2,-0.613021781081461,-0.339843382360947,M
Nr1h4,-0.220775854499109,-0.199172694223932,M
Nrn1,0.253563070069526,0.488242124683209,F
Nrros,0.187357483792504,0.615812121764401,F
Nsd3,-0.644318757522747,-0.437393594454105,M
Nsdhl,0.00522664786676997,-0.526557019555421,M
Nt5e,0.154182101724987,1.75080585147365,F
Ntn1,-0.210966960455139,0.395230112836564,F
Ntn4,-0.000124392199973926,0.438446953394184,F
Ntrk2,-0.114014981421142,2.36959959647374,F
Nuak2,-0.535679793849911,-0.120389731722719,M
Nucb2,-0.193622106869269,-0.137463978568499,M
Nudt7,-0.136570391370465,-1.13819906604325,M
Nxpe2,-0.0405790725875895,-0.780198501336683,M
Oas3,0.539161346021839,0.251450887402413,F
Oasl2,0.343098520750116,0.335493245909327,F
Oat,-0.472005381029175,0.520075689587567,F
Ociad2,0.163501874316043,-0.277098322336017,M
Ocrl,0.289450688323394,0.284403173412311,F
Ola1,0.0580050527376174,-0.41176833815918,M
Olfml1,0.352556764516701,0.015787934525476,M
Olfml3,0.0316464846933924,0.260818446967692,F
Olig1,-0.515609320884481,-0.979945753779162,M
Oplah,-0.273074441292805,-0.381425914566152,M
Optn,-0.305092479815144,-0.34237393423084,M
Orm2,-0.796168858688619,0.349817918690035,F
Osbpl3,-0.912121653479695,0.0711491452430688,M
Osmr,-0.735068634323233,0.232495259063186,F
P2ry2,-0.774839340553115,-0.359170412173101,M
P2ry4,0.418511905907542,1.34655026893805,F
P4ha2,-0.427060123426003,-0.834391483696894,M
Pabpn1,0.245682452680164,-0.690876434100012,M
Pacs1,0.464132582412771,0.764693834424757,F
Pag1,0.40440277071002,0.458090341402488,F
Pak1,0.149738516795807,0.660388136902138,F
Pakap,-0.342521189609488,0.697574967806815,F
Pam,-0.273521646615637,0.169495017299919,F
Papss2,-0.0471308932652295,0.655573399946293,F
Paqr7,-0.35587478695242,-0.732515932724657,M
Pard3b,-0.128776020360462,-0.297529059276126,M
Paxx,0.568336394458356,0.359575560981319,F
Pbdc1,0.0727322180335248,0.0506541835987866,F
Pbx1,-0.196517216431692,0.695671245942447,F
Pcbd2,0.0886596483579169,-0.446885970170516,M
Pcdh12,0.00471954368843749,0.361180921769023,F
Pced1b,0.635107768189334,0.722191764661985,F
Pcgf2,0.415480061697324,-0.678556199703318,M
Pcgf6,-0.124587335708905,-0.337003369120932,M
Pck1,-0.393486561952378,-0.219185274107231,F
Pcolce,-0.175653938630585,0.14573080890478,F
Pcp4l1,-0.0217387101355454,-0.245197032622546,F
Pcsk4,-0.744030209185663,-0.351784024214673,M
Pcsk5,0.13262714236654,0.574249540040159,F
Pdcd5,0.0609872817525443,-0.324616148877278,M
Pde4a,0.379660647075412,-0.243460577064965,M
Pde4b,1.03602676832507,0.734659783276539,F
Pde4d,0.153733597284622,1.00203208694405,F
Pde7b,-0.300223458575046,0.270012466445675,F
Pdgfa,0.575340160918879,-0.0721943435169186,M
Pdgfra,-0.371797306318901,0.157030642211696,F
Pdgfrb,0.0287306191971414,0.343329951379851,F
Pdhx,-0.148729146461278,-0.40077864969407,M
Pdilt,0.325192334599161,-0.378561894115081,M
Pdk4,1.29252239485816,-0.313787198453676,F
Pdlim1,0.321179106150703,0.307561936728316,F
Pea15a,0.041329883371777,0.315786690170849,F
Peak1,-0.207102267491948,0.375840110862655,F
Per2,-1.02561197941662,0.363530079405578,M
Per3,-0.95640143862659,0.288359180190088,M
Pex11a,-0.92969998523576,-0.702879254150693,M
Pex26,-0.652794015365009,0.311836912066386,M
Pfkfb3,-0.725856975537763,-0.371081114129277,M
Pgp,0.136032297756535,-0.22528781831166,M
Phf23,-0.3677834888594,-0.0850082275904186,M
Phldb3,0.562528661198065,-0.366662110609588,M
Phyh,-0.293061610109586,-0.801312626036568,M
Pias3,0.128345564736994,-0.343303032505296,M
Piezo1,-0.11563525516054,0.365627638059677,F
Pik3cd,0.192626722608014,0.291296934035705,F
Pim1,-0.34529589998158,-0.999171833808365,M
Pip4k2a,-0.298782198505107,0.262092420837654,F
Pitx3,-0.720223190111691,-5.08520669733211,M
Pkhd1,-0.14677389718745,0.979388755429369,F
Pkm,0.135175898456338,0.42229107756856,F
Pla1a,0.181055011057356,0.242820890906463,F
Pla2g12a,-0.304297471433756,-0.289206596872597,M
Pla2g6,-0.0464662272701683,-0.480552847176247,M
Plaat3,0.171072257002658,0.749052316475552,F
Plac8,0.547314295500437,0.59802758128275,F
Plac9,0.0727685835574596,0.540743886675359,F
Plce1,-0.177826601748928,0.37666367569525,F
Pld1,0.34687217065192,0.338879314597731,F
Pld4,0.231235480743292,0.285595241740229,F
Plek,-0.0731322006565044,-0.0609119513441396,F
Plekha2,-0.179649794136233,0.33164800219014,F
Plekhb1,0.249877243895659,-0.28577778213042,M
Plekhf1,-0.379396039423639,-0.796337478086946,M
Plekhg1,0.0630884982985836,0.619620699962687,F
Plekhg2,0.0914812109016594,0.374757647987202,F
Plekhg3,-0.373691228757382,-0.238766851045532,M
Plekhg5,0.16416865295377,-0.142962552104101,M
Plekhg6,0.478694395408528,-0.144561665869845,M
Plekhh3,0.0461995591949007,0.115432502622105,M
Plekho2,0.26915641282935,0.327799739591461,F
Plin2,-0.36724023393733,-0.522784942396919,M
Plpp5,0.546874851408748,0.339422043587709,F
Pls3,0.295688304276916,0.447256503365782,F
Plscr1,0.615356216964896,0.27246123789262,F
Plxna2,1.1575180334953,0.522648866727256,F
Plxna4,-0.268219078760645,0.321895818333801,F
Plxnd1,-0.0151724221796633,0.507201450651082,F
Pml,0.561201864049813,0.240284737454488,F
Pnisr,-0.0215490097471276,-0.61470128244034,M
Pnpla2,-0.66357443320658,-0.300621673485577,M
Pnpla7,-0.00983365513130976,-0.261101448906305,M
Pnrc1,0.382088075939169,-0.603607758045866,F
Pofut1,0.353901806443716,0.49413590170331,F
Polb,-0.232589068245549,-0.521907728370762,M
Pon1,-0.0258941232205911,0.355806489398276,F
Pop1,0.293228467922671,0.719267195518643,F
Porcn,0.356718935716597,0.178994531176498,F
Pou2f1,0.450099593076475,0.304159201964096,F
Ppargc1a,-0.197845362029788,0.292909249473713,F
Ppib,-0.1380875672115,-0.567280820129161,M
Ppm1k,-0.019630570225057,-0.00270138116882215,F
Ppp1r10,0.646479106778809,0.809390569767477,F
Ppp1r13b,0.0579994745183959,-0.300471349491437,M
Ppp1r16b,-0.0261716986329656,0.571453812694686,F
Ppp1r9a,-0.0585069439556277,-0.868770154232128,M
Ppp4r4,0.115951480078826,0.124376885360368,F
Prcp,0.287257304005852,0.587105598940989,F
Prdx5,-0.0834277162781372,-0.507037248089892,M
Prelp,-0.208591764284441,0.0778829162952793,F
Prex1,0.150077601613949,0.54732290798527,F
Prickle3,-0.268844030323659,-0.458793164080314,M
Prkca,0.273386919498558,0.494342440517114,F
Prkcb,0.200317054871964,0.602806992509971,F
Prkch,-0.385134314186382,0.429753838099249,F
Prlr,0.761852652754301,2.37996369944775,F
Prps2,0.284010028269489,0.227277756121407,F
Prpsap1,-0.196079295590495,-0.62577803894492,M
Prr3,-0.587399158121534,-0.241125984610384,M
Prss8,0.62146928336903,-0.113222301499969,M
Psd4,0.175348912883413,0.271726899225677,F
Pter,0.624522130690012,0.477069083957056,F
Ptgfrn,0.201940415641288,0.633081799423173,F
Ptgs1,-0.0498507444965899,0.195750949212944,F
Pth1r,0.280807631193089,0.267268878696954,F
Ptpmt1,-0.129115426915863,-0.293951995403859,M
Ptpn14,-0.780799814898524,0.708046062230698,F
Ptpn9,0.257433393192954,0.506317884326485,F
Ptprc,0.118819901744733,0.303085199135864,F
Ptprj,0.359107067691001,1.07402104498857,F
Pygb,0.093635697238509,0.725246653772662,F
Pyroxd2,0.203789756015221,-0.350544280285893,M
Rab11fip4,0.894178388554562,0.423918918314206,F
Rab23,0.758419163682403,0.479615441826625,F
Rab31,-0.156990909395887,0.298836803042694,F
Rab34,0.0312261478076442,-0.44774614331311,M
Rab36,1.14830278256197,0.389232814468439,F
Rab3a,-0.132498805224252,0.0105078777336668,M
Rab5if,-0.217093641398502,-0.542147170593239,M
Rab8b,0.00786701600907165,0.427828687389674,F
Raet1d,0.457971027956506,1.46500599840197,F
Ranbp6,-0.251158123444905,-0.201499405312237,M
Rangap1,-0.22124072116546,-0.38622920105613,M
Rap2a,-0.0231218749328993,-0.362540049749886,M
Rapgef5,-0.445649838544034,0.43363254066656,F
Raph1,-0.138840956858717,0.00554070092243576,F
Rara,-0.00884709812374583,-0.268869413950553,M
Rarres1,-0.913102640906113,-1.75700901528156,M
Rasa3,0.136701492600369,0.451241323238835,F
Rasgef1b,0.41329200836704,0.903226289427331,F
Rasgrp3,0.0801658012565478,0.166297265531636,F
Rassf3,-0.350132715636155,-0.45530370804083,M
Rassf7,-0.0131525333398932,0.0634465710157177,M
Rbis,-0.0977088778967439,-0.384352958430228,M
Rbm38,-0.651344389930883,-0.161283872911933,M
Rbm47,-0.430057488968533,-0.191297901587062,M
Rbms3,-0.107761988614829,0.930704631451722,F
Rbp1,-0.262172180974759,0.557447050988437,F
Rbpms,0.026402780927265,-0.698708900665477,M
Rc3h1,-0.529294796445339,0.301464528219523,F
Rcan2,0.129981070061257,0.43824813651776,F
Rcn2,0.231424578356425,0.440340135357706,F
Rcor3,-0.059680385977215,-0.0481181482492977,M
Rcsd1,0.0150634892732992,0.451327193681318,F
Rdh16,-0.18792471942401,0.785514511756026,F
Rdh16f2,0.165114548937834,1.40734693507428,F
Rdh9,0.0531284625331267,0.678427707353372,F
Reep6,-0.0995245605702124,-0.519075206676293,M
Retreg1,-0.260358941599791,0.418696633175084,F
Retsat,0.138252610278363,-0.212390587118051,M
Rexo2,-0.0270323862893014,-0.527966083108139,M
Rfx5,0.821617701983862,0.349066244101593,F
Rfxank,0.501372200874204,0.0775597151674542,F
Rgl1,0.130000445910336,0.0538208975213539,F
Rgs12,0.75366917468669,0.754826817969738,F
Rhbg,-0.608799859474351,-0.946015609880867,M
Ripk2,-0.140962141356085,-0.0269963894621747,M
Rmc1,-0.203921477707804,-0.309398353928268,M
Rnaseh2a,-0.116385967032176,-0.279277625636276,M
Rnd1,0.320235470166101,-0.439331798556692,F
Rnf144a,0.549609993431995,0.509701244979116,F
Rnf186,-0.165651575249737,0.480099100106645,M
Rnf19a,-0.439295697975751,-0.301211389160629,M
Rnf39,-0.205542414342614,-0.109864482784742,M
Rnf43,0.178824231245264,0.0197083719609371,M
Ro60,0.0629781676028755,0.551484652802918,F
Robo1,0.0458275025049114,0.533051788233598,F
Robo4,-0.281003043304774,0.253146719960655,F
Rpl22l1,-0.335409309052317,-0.427761827102867,M
Rpl23a,-0.112019624996307,-1.00860390748605,M
Rps28,-0.00495441396634739,-0.212236151113318,M
Rps4l,0.610777449634088,-0.115505865839964,M
Rpusd3,0.391678368620253,-0.450735903822308,M
Rrm1,0.246061609990026,0.228242075361623,F
Rsad1,-0.287275488189947,-0.411297515797275,M
Rsad2,0.790271612294468,0.531924855684622,F
Rtp3,0.141068964868026,-0.852335149860877,M
Rufy3,0.00861307007449364,-0.479945422647055,M
Rxrg,1.13751601430684,0.772746613508125,F
S1pr2,0.248555010983074,-0.339964862899254,M
S1pr5,0.137959767841031,-0.274516433897574,M
Saa1,-1.95474257504366,-2.25169979389728,M
Saa2,-1.89625895775302,-1.65919074586171,M
Sall1,-0.127663030620729,0.821900966782361,F
Samd1,-0.303229083072394,-0.320140911000089,M
Samd9l,0.593707572517445,0.312660369879633,F
Sap30,-0.140013987976625,-0.0469715953486225,M
Sat2,0.455814426377605,0.276978412257933,F
Scamp3,0.0309286787334659,-0.462984022333864,M
Scara5,-2.23847646507619,-4.22305484554191,M
Scd2,0.577097845056199,1.11303776440914,F
Scnn1a,-0.0106760001745772,-0.181056566108846,M
Scp2,-0.163666726228574,-1.11659148219676,M
Sdc1,0.461015262377485,0.754270180732779,F
Sdc3,0.0855350993884229,0.237459701483552,F
Sdc4,0.0369700201816345,0.325145808982158,F
Sdr9c7,0.259680325494215,-0.92434626166393,M
Sds,-0.17607639977315,0.87587411983421,F
Sec11c,-0.147115206519026,-0.348125414149115,M
Sec22c,-0.386960816924765,-0.161089971158114,M
Sel1l3,-0.139071576786499,-0.604014514349176,M
Selenbp2,-0.52712454426905,-4.30202607637278,M
Selplg,0.327812865209761,0.48833962243767,F
Sema4a,0.37616302838315,0.539805888480374,F
Sema4c,-0.040840730516521,0.203748923486682,F
Sema6a,0.0108535546091114,0.52527605255805,F
Sema6d,-0.238837572025348,0.0875820703098221,F
Septin11,0.202350382525324,0.684710980178909,F
Serf2,-0.00376260987785086,-0.348579395023885,M
Serpina11,-0.0431383704659435,-0.482825459510628,M
Serpina12,-0.199027031434999,-1.47171152996894,M
Serpina1c,0.0437107171807983,-0.73125725810625,M
Serpina1e,-0.31623031945835,-3.76297607024205,M
Serpina3g,0.359026399268155,0.461750914806172,F
Serpina3k,-0.349354036208944,-1.05920374679589,M
Serpina3m,0.114067151866202,1.13013363431473,F
Serpina4-ps1,-1.13373024889375,-2.9476991764382,M
Serpina6,0.103389797044161,1.6595470047759,F
Serpine2,-0.636847505708631,-2.07207473497929,M
Sertad1,-0.377363002450926,0.000842362986801264,M
Sertad3,-0.194112682907977,-0.186927586192033,M
Sesn3,0.220899137005895,0.175214594248336,F
Setd4,0.347550017300935,0.583079575214412,F
Sgk1,0.513772730350994,0.862489925324909,F
Sgk3,0.420597578400551,0.409559671221629,F
Sgpl1,0.456122334776356,0.22229692812073,F
Sgsm1,0.576860851213834,0.907360428553866,F
Sgsm2,0.158763218225629,0.358388543806695,F
Sh2d4a,0.417530925776809,0.553840314052406,F
Sh3bp2,0.185650358583709,0.21133956672361,M
Sh3pxd2a,0.547574380857639,0.0149342047047182,F
Sh3rf1,-0.080621645907175,0.320866702303302,F
Shank2,1.0737616219094,1.07888987203828,F
Shfl,0.871646129568352,-0.395151648371517,M
Shroom3,1.13051875296121,0.667868456242268,F
Sigirr,0.257768685406836,0.626233220074399,F
Sik1,0.814741584966039,0.854812583704737,F
Simc1,0.0333086755674608,-0.323207647258068,M
Ski,0.305473478812937,0.705003507431297,F
Skil,0.217480788105383,0.314769945151475,F
Slc13a3,-0.127843781809469,0.0215017106369992,F
Slc15a3,0.220285152515533,-0.0453033682314444,F
Slc15a5,-0.485680642449514,-1.45845680239181,M
Slc16a1,0.294981092919722,0.423387527434931,F
Slc16a5,-0.281610755300254,3.1323305079781,F
Slc16a7,-0.0644246159434995,0.733358725262654,F
Slc17a1,0.0855519495762482,0.615804476542441,F
Slc17a4,0.661151864557978,1.08506616315698,F
Slc17a5,-0.0191284670237651,-0.383483106792126,M
Slc17a8,-0.0907099872558808,-0.100007924554587,M
Slc19a1,-0.369758879708102,-0.155756992811249,M
Slc1a4,1.38722296482499,0.887013068003029,F
Slc20a1,-0.899215038032805,0.47112345842653,M
Slc22a28,-0.310710514956543,-1.16625430346899,M
Slc22a30,-0.115625662894253,-0.663606104041334,M
Slc22a5,-1.18398598678488,-0.552508089069529,M
Slc22a7,-0.166255834402027,-1.91783264179414,M
Slc25a1,0.103424001582317,-0.141704301652387,M
Slc25a15,-0.163036757021444,0.178693720753164,F
Slc25a20,-0.327297132379013,-0.43640898394798,M
Slc25a25,0.629155983242673,0.42157794403403,F
Slc25a33,-0.555067013142823,-1.26132752922499,M
Slc25a34,-1.47245384266601,-0.540660703288815,M
Slc25a37,0.0377783001355922,-0.192394054091388,M
Slc25a4,0.110457090015123,0.381769533821772,F
Slc25a42,-0.325869086798444,-0.687692662513822,M
Slc27a2,-0.409901848863891,-0.476716799732805,M
Slc2a4rg-ps,-0.116283416388578,-0.457359106165267,M
Slc2a5,-0.378500826637104,-0.640898106329146,M
Slc30a1,-0.0488729656175985,0.228919929397284,M
Slc30a10,0.645749901078543,0.289365255373211,F
Slc35e2,-0.117833895260426,0.490070024918497,F
Slc35e3,-0.318370048629037,-1.02744650275027,M
Slc36a4,-0.109167504982738,0.389104671050161,F
Slc37a1,1.04821651068557,0.539702189521925,F
Slc38a2,0.143417747132808,0.109682398201424,F
Slc39a8,0.251414291565727,0.307520527524411,F
Slc3a1,0.0655625618647034,-0.0398446800801274,F
Slc41a1,0.0958109849005715,-0.313374150069279,M
Slc44a1,0.252249222950642,0.467712449165777,F
Slc44a2,0.136452100861041,0.386041454820184,F
Slc45a3,0.494462614482728,-0.0840166835348958,F
Slc46a3,0.170007367694452,-0.47797579735284,M
Slc49a4,-0.147332458562322,-0.53252927781062,M
Slc4a4,0.00854111895712751,0.364787805363446,F
Slc5a6,-1.10226140120142,0.204467967100345,M
Slc66a2,0.0222178825182178,-0.208042007775685,M
Slc6a6,0.751941807909435,0.50368558785178,F
Slc6a9,-0.0165917915906386,-0.271735012017942,M
Slc7a8,0.460582865209322,0.40115588919994,F
Slco1a1,-0.0600758135869665,-1.60272247649114,M
Slco1a4,0.324427321006432,1.19804605477998,F
Slfn2,0.231204706936439,0.768385148144946,F
Slfn9,0.518618713493932,-0.120267060608252,F
Smpd2,-0.0131659962026572,-0.505179774014495,M
Smtn,0.0257579000167179,0.384735923534211,F
Snhg11,-0.00578602913011945,-1.26809623883775,M
Sntg2,-0.145059152099318,-0.151078838044579,M
Snx12,0.0829989212498841,0.725176321469337,F
Soat1,-0.091458771843874,0.406843959998256,F
Socs7,-0.290224766549934,-0.271422644724016,M
Sod3,-0.0871771852753131,0.172090180688107,F
Soga1,-0.344772844782712,0.830257590237081,F
Sorbs1,-0.519682278909037,-0.373445276741662,M
Sord,-0.258874095177458,-0.292351662462217,M
Sowahb,0.283435045515919,0.107519654592065,M
Sox13,0.306187343913921,-0.248633087791587,M
Sox5,0.540724677641291,0.16922731461412,F
Sox6,0.276100797503144,0.160181272930049,F
Sox9,-0.905196414163347,0.00767070463322459,M
Sp5,-0.357746387505417,-0.656176523717935,M
Sparc,-0.173931607795748,0.46853206214644,F
Spc24,-0.10211344460546,-0.338189822882669,M
Spint2,0.0162707697414269,-0.483784666905155,M
Spry4,-0.290908173578465,0.517591855904655,F
Spsb2,0.250061610691645,-0.318259785432782,M
Sqor,0.165066438545833,0.642770451316651,F
Srd5a1,0.101331560715968,-1.20381278515615,M
Srgn,0.0970531844867847,0.315045827769457,F
Srm,-0.239226567558163,0.456006571869982,M
Srrm4,0.196240589935552,0.518918139910402,F
Ssbp4,0.294389745390435,0.353040162381734,F
St3gal1,0.212344045859064,0.713090691562685,F
St3gal2,-0.135551645442143,0.611689803264575,F
St3gal4,0.0108692339788628,0.728613645199131,F
St6gal1,0.426256277938314,0.914029308612061,F
Stard8,-0.295704734899922,0.391203374722694,F
Stard9,-0.435470984404116,0.256226378594078,F
Stat5b,0.471533696055268,0.153321953836983,F
Stbd1,-0.607971338494687,-0.103843922845199,M
Steap2,0.161925727725818,0.99937303634703,F
Stk19,-0.393223540094532,-0.562880074945113,M
Stk35,-0.574918044712866,-0.0269080309161215,M
Ston1,-0.373266959979537,0.221774605837554,F
Stra6l,0.487216064384327,0.353184082066616,F
Stxbp6,0.237385869441777,0.306492676982981,F
Sucnr1,0.491694834744189,0.111536456669827,M
Sulf2,-0.0275723364324381,0.568954672702616,F
Sult1a1,0.0876309002274693,0.887012547476819,F
Sult1c2,0.810176491894273,1.01715410812961,F
Sult1d1,-0.785056688341964,0.0500944685550926,F
Sult2a8,-0.106556040366259,-0.736965744660402,M
Sult5a1,0.166036174074582,-1.82392779472621,M
Sun2,-0.432172229823447,-0.482157214238654,M
Susd4,-0.651999533107087,-2.3404147662233,M
Svil,0.8486103327983,0.24866021847531,F
Syde2,-0.86198548796304,-0.255129868117787,M
Syk,-0.102243223465614,0.355880031574243,F
Syne1,0.467120091769323,0.0763281655181994,F
Syne3,-0.685829335425969,0.280593372779953,M
Synj2,-0.519576274530774,-0.528765508758645,M
Sytl1,0.267697886338335,-0.212262071520356,M
Taf10,0.0540804683070162,-0.369192579227875,M
Tagap1,-0.0191152172127436,-0.230418211387359,M
Tagln2,0.0343399237480619,0.371990689178737,F
Tapbp,0.345806811191046,0.635698574679141,F
Tbc1d1,-0.22217183204208,0.264243923707449,F
Tbc1d30,-0.393152180553526,-1.05360866465119,M
Tbl1xr1,0.11597004695543,0.408242604355978,F
Tbx2,0.321067093760562,0.495181980256888,F
Tbx3,-0.214708670785663,-0.0640818967171222,M
Tbx3os1,-0.162571147137213,-1.12578181886061,M
Tceal8,0.339444953358139,0.44009782799563,F
Tcf20,0.185007399806082,0.584184191335802,F
Tcf4,0.212355017999485,0.372475003014732,F
Tcf7,0.127427442814729,0.352121987915215,F
Tcn2,0.135661557453933,0.431252019350342,F
Tcp11l1,0.338831696213535,0.55829109951395,F
Tdrp,-0.196948118878146,-0.485855066060252,M
Tead1,-0.0643242916417542,0.844715714823659,F
Tedc2,-0.743664771270456,-0.134205821895765,M
Tef,-1.00693935366389,0.0129877680264788,M
Tenm3,-0.0406145768566392,0.342892835267232,F
Tent5c,-0.477734938145842,-0.0105148087988938,F
Tet2,0.177600046467534,0.688918257068909,F
Tfap4,-0.101468968607365,-0.165999262384964,M
Tfcp2l1,0.962359684823925,1.17452948172957,F
Tfeb,-0.153231010175094,0.00708060043303105,M
Tfpt,-0.244145386723846,-0.156547418335529,M
Tfrc,-0.182355910649207,0.610610230303375,F
Tgfb1i1,0.447957328218109,0.684954491193896,F
Tgfbr3,-0.197310332491305,0.426290118942201,F
Tgm2,0.476955298780829,0.560456538194779,F
Tgtp1,0.849926124316782,0.84009740189043,F
Thbd,-0.260097542302534,0.141790270333148,F
Them7,-0.320566750289843,-0.683662186010684,M
Tiam2,0.481248684066042,-0.544485051793919,M
Tigar,-0.171217556603899,0.192237604133424,M
Timd4,0.25441072524539,0.0576470873434617,F
Timeless,0.583183575443672,0.323511310752516,F
Timm9,-0.557630941161496,-0.458708283428336,M
Timp2,-0.0630284530064636,0.440612859703584,F
Tle3,0.301500766467462,0.105323905227842,M
Tlr12,0.0499780618447523,-0.755787530066499,M
Tlr5,0.0334887135476412,-0.171655495757869,M
Tm4sf1,0.564338638372233,0.867820925761105,F
Tm4sf4,0.0714431337669066,0.42524970915521,F
Tm6sf2,0.641893445929562,1.08030811136146,F
Tmed5,-0.509204871810386,-0.394368788561627,M
Tmeff2,1.02218117400981,-3.67732258483579,M
Tmem102,0.114122386290811,-0.336437240643411,M
Tmem120a,-0.410170695095334,-0.461639917215356,M
Tmem120b,-0.365916009216639,-0.211301633090594,M
Tmem131l,0.307671415750588,-0.127817311832204,M
Tmem164,0.431802145400727,0.571053426820613,F
Tmem185a,0.0640477361892237,0.364175866047737,F
Tmem19,0.100567770442935,-0.501251867084451,M
Tmem243,-0.12749940043563,-0.61644402124909,M
Tmem25,-0.534492718908314,-0.638026651294913,M
Tmem35b,0.139863266634756,0.619551532393423,F
Tmem39a,-0.379891926861629,0.531537980798059,F
Tmem53,0.366794897826602,0.458637254168273,F
Tmem88,0.282881948673422,0.627675884958455,F
Tmem94,0.249060151690774,0.443729804554434,F
Tmem97,-0.159101713850869,-0.312697133351908,M
Tmem98,0.129977248377983,0.476842473491222,F
Tmprss2,0.717253496195367,0.567696849255164,F
Tmsb4x,0.192484233936221,0.62601901088186,F
Tmtc4,0.229129082333653,0.458637683435467,F
Tnfrsf11b,-0.225452033847597,0.122316525527935,F
Tnfrsf12a,0.0662008606111278,0.141629252703176,M
Tnfrsf14,0.61819387178272,1.06792687583337,F
Tnfrsf21,-0.367996532294399,0.52277626966232,F
Tnrc6b,-0.101601131590085,0.535662194049949,F
Tns2,-0.282266382085714,-0.221752511476952,M
Tpmt,-0.156324734649025,-0.811213638476548,M
Tppp,-0.520709726402828,-0.0909613246899735,M
Traf4,-0.203219033289113,-0.463599962512599,M
Trf,0.118271814150765,0.374687599840036,F
Trib1,-0.644815789629365,-0.229120208769204,M
Trim12a,0.650393100806111,0.383158257513232,F
Trim12c,0.542592690194044,0.255897684316293,F
Trim2,0.482721037380515,-0.0759873976196191,F
Trim24,-0.289896632237638,1.16654149045065,F
Trim30a,0.122214637017544,0.276931058322642,F
Trim30d,0.785296303838406,0.134385087303534,F
Trim35,-0.122034803786074,0.547762931884912,F
Trim56,0.177043273084219,0.30087834009793,F
Trip10,-0.155483938468916,-0.126943640037329,M
Trip4,0.153688164912716,-0.519512062233428,M
Trmu,-0.0636507739125849,-0.258873465694366,M
Trp53i11,-0.0382548110953327,0.454634791404338,F
Trp53inp1,0.551044301073469,-0.338104099218344,F
Tsku,-1.2009162908057,0.207620628435942,M
Tspan15,0.267320148382791,0.704912672708984,F
Tspan33,0.312539712353388,-0.768359133284466,M
Tspan4,-0.436614313767001,0.445301841202507,M
Tspan9,0.311267646458072,0.242633880618923,F
Tstd1,-0.00573602722592437,0.639345266104434,F
Ttc28,0.132244659849359,0.674976679459891,F
Ttc39c,-0.160525430262189,-1.34872772583493,M
Ttc5,0.527723985631977,0.507482368285742,F
Ttc7,-0.164049066297242,-0.0207560322547346,M
Ttc7b,-0.380988420841918,-0.342376337662981,M
Tuba1b,0.325567296231664,0.507238906412286,F
Tubb2a,1.62063082792841,0.803521047920613,F
Tuft1,-0.63592958599884,0.00495010575395191,M
Txndc16,0.142743591804724,0.75955302493075,F
Txnl4a,-0.286951622830673,-0.306549943026846,M
Uap1l1,0.256858884325406,-0.551991980004921,M
Uba7,0.418194824490908,0.467482078830096,F
Ubap1,-0.116279016842268,-0.373149902993841,M
Ube2f,-0.375948358330332,-0.244328787715176,M
Ubtd1,-0.394530213366936,-0.266489816404282,M
Ugcg,-0.105732412652597,0.789559882831525,F
Ugdh,0.165875795607017,-0.410455092691098,M
Ugt1a1,-0.122717666248517,0.375798857208114,F
Ugt1a5,0.174933759579957,1.62848616601491,F
Ugt1a6a,-0.283947814293895,-0.59996392697663,M
Ugt1a6b,-0.00384851887879982,-0.580449398109965,M
Ugt1a9,0.411755966053299,1.48015079884062,F
Ugt2b1,-0.343777432608654,-0.933752747307006,M
Ugt2b36,-0.00755025453688763,-0.441343423084254,M
Ugt2b38,-1.42451845469015,-2.91099281952257,M
Ugt2b5,-0.0265249175276934,-0.846099982957743,M
Unc119,0.122576328065342,-0.421076521413045,M
Upf3b,0.130148811014414,-0.246527733190022,M
Uri1,-0.233945437830869,-0.355474337638525,M
Usp10,-0.0834486532860314,-0.479866782862289,M
Usp2,-2.78860468462201,0.171212001373478,M
Usp6nl,-0.115790116126981,0.338132287200679,F
Utp14b,0.677427183510982,0.92890849847463,F
Uty,-0.110863520587631,-0.271269902077531,M
Vav1,0.245250720533515,0.38869297441582,F
Vcam1,-0.545025441695229,0.811961266133457,F
Vegfc,0.190861260194936,0.368993964125062,F
Vnn3,0.184683823103808,0.64521060075318,F
Vps37b,-0.139250828684557,-0.00452500573766011,M
Vsig4,0.0888720865223198,0.022271662918125,F
Vwa8,-0.39934861226515,-0.472266642228273,M
Vwce,0.159129079875101,-0.0694310934917513,M
Wdfy4,0.0211475485595601,0.596540131399198,F
Wee1,-1.29892802210115,-0.417204182234101,M
Wipf3,0.0740163137287922,-0.407761815232919,M
Wipi1,-0.151177727670581,-0.566653306020528,M
Wls,0.102423805906068,0.305096647458917,F
Wnk4,0.114094526750297,-1.69265063507941,M
Wsb1,0.42289575094842,0.267243292480582,F
Xaf1,0.772725738575877,0.420658567077208,F
Xylb,-0.0314848766401243,-0.184090252245242,M
Ypel3,-0.0262063739532723,-0.484839035198507,M
Ypel5,-0.168597136911258,-0.498869171652232,M
Zap70,-0.202429839682729,0.536695817148683,F
Zbed5,-1.17404250758974,-0.417036239897992,M
Zbp1,0.659838024532417,0.695688303616426,F
Zbtb1,-0.1674455080622,-0.154318927374516,M
Zbtb18,-0.0782929005557821,-0.242328088714438,M
Zbtb42,0.0772307258848534,-0.440527684270875,M
Zbtb7a,-0.348838250608389,-0.138623176881128,M
Zc2hc1c,-0.23682160871791,-0.382101205252608,M
Zcchc7,-0.308654794265574,-0.358349830566622,M
Zeb2,-0.0389354298476814,0.34710522951734,F
Zfand4,0.116414160032859,-0.462370387828415,M
Zfc3h1,0.00617696934526051,-0.609623363723666,M
Zfhx3,0.197166410308177,0.627635898813266,F
Zfp113,0.245667556133506,0.667138321296174,F
Zfp125,-0.567778754918812,-0.934817418619264,M
Zfp141,-0.282109025081556,-0.568524711316436,M
Zfp292,-0.115844340114637,0.443365451944857,F
Zfp324,0.296607979720029,1.03928522838193,F
Zfp329,-0.122820354793052,-0.199125087926489,M
Zfp366,-0.143750997229024,0.940637667530496,F
Zfp36l1,0.311478431503685,-0.0726688315566445,F
Zfp385b,0.257291125159257,0.530210010337938,F
Zfp445,-0.607680730656645,-0.674141314900233,M
Zfp467,0.349190023580586,-0.510183795894505,M
Zfp503,-0.627663798065209,-0.312045167553089,M
Zfp595,-0.0739145228527117,-0.537179754982194,M
Zfp703,-0.337488201774401,0.0591175997670646,M
Zfp704,0.0554388781512089,0.591433329702951,F
Zfp809,-0.222549763196131,-0.749497970047762,M
Zfp970,-1.46536466195446,-0.220474651473509,M
Zfpm1,0.14474791487066,-0.118382380894406,M
Zkscan3,-0.314615494037746,-0.885406278499615,M
Znrf1,0.0577752344761514,-0.492490529977081,M
Zrsr1,-0.216720542968446,-0.352341666643324,M
Zswim5,0.024549644376361,-0.391016064471869,M
