symbol,M_WT,M_CM,M_CM_TES,M_ArKO,M_Esr1KO,F_WT,F_OF,F_OF_TES,F_ArKO,F_Esr1KO,heatmap_cl
Smap1,1.28,-1.22,-0.89,0.09,2.07,-0.43,-0.39,-0.65,0.19,-0.07,1
Gm5524,-1.2,0.13,-1.48,1.8,-0.45,0.8,-0.14,-0.69,0.55,0.68,2
Mgat4a,-1.5,0.08,-1.07,0.84,-1.25,0.48,0.57,-0.34,1.46,0.73,3
Tmem237,2.32,-0.49,0.8,-0.56,0.68,-0.69,-0.82,-0.36,-0.83,-0.05,1
Gm4208,2.02,-0.46,-0.56,-0.52,1.74,-0.45,-0.6,-0.56,-0.47,-0.15,1
Pecr,2,-0.42,0.76,-0.67,1.31,-0.67,-0.69,-0.22,-0.93,-0.45,1
Prkag3,0.78,-0.36,-0.5,-0.83,-0.11,-0.18,0.12,-1.67,1.96,0.81,2
BC035947,2.3,-0.32,-0.05,-0.27,1.26,-0.89,-0.54,-0.29,-0.7,-0.51,1
Mogat1,2.08,-0.4,-0.08,-0.36,1.61,-0.78,-0.53,-0.4,-0.76,-0.39,1
Pid1,-1.46,-0.52,-1.33,1.12,-0.01,0.85,0.09,0.37,1.53,-0.63,3
Fbxo36,2.18,-0.44,0.09,-0.05,1.27,-0.5,-0.94,-0.88,-0.72,0,1
Slc16a14,0.93,-0.15,-0.84,-1.5,0.03,0.24,-0.36,-0.9,1.95,0.61,2
B3gnt7,-1.45,1.13,-0.63,0.61,-1.48,1.39,0.31,0.38,0.33,-0.6,3
Ugt1a7c,1.91,0.45,-0.44,-0.45,1.44,-1.13,-0.57,-0.63,-0.79,0.21,1
Ugt1a2,-1.42,0.49,-0.6,-0.05,-1.4,0.56,0.26,-0.47,0.9,1.73,3
Spp2,-1.3,0.43,0.16,-0.72,-0.93,0.56,0.01,-0.29,-0.23,2.3,2
4930434B07Rik,-1.7,1.12,-0.38,0.11,-1.32,1.2,0.32,-0.36,1.12,-0.12,3
Mab21l4,-1.8,0.37,-0.16,-0.45,-1.56,0.96,0.44,1.01,0.36,0.83,3
Slco4c1,1.52,0.68,0.97,-0.57,-0.03,-1.16,0.43,0.43,-0.55,-1.71,1
Gm29012,2.49,-0.48,0.34,-0.65,0.84,-0.49,-0.66,-0.29,-0.61,-0.47,1
Tmem37,-0.93,0.02,-0.76,0.06,-1.04,0.77,-0.53,-0.5,0.69,2.21,2
Steap3,-1.43,-0.05,-0.31,-0.35,-1.71,0.99,1.17,0.84,0.89,-0.03,3
Fcamr,2.53,-0.21,-0.33,-0.63,0.96,-0.57,-0.3,-0.45,-0.51,-0.49,1
Pigr,0.68,0.23,1.21,0.51,1.27,-1.43,-0.18,0.16,-1.33,-1.12,1
Rgl1,2.22,-0.13,0.05,-0.91,0.81,-0.61,0.06,0.49,-1.01,-0.96,1
3110045C21Rik,1.81,-0.92,0.44,-0.83,1.1,-0.29,-1.25,-0.63,-0.24,0.82,1
1700016C15Rik,1.64,-0.53,0.28,0.48,1.66,-0.31,-0.84,-0.92,-1.1,-0.35,1
Lyplal1,-1.53,0.86,-0.81,0.12,-1.24,0.79,0.09,-0.53,0.75,1.5,3
Tgfb2,-1.64,-0.26,-0.81,0.07,-1.16,0.92,0.7,-0.06,0.69,1.55,3
Syt14,1.99,-1.03,-1.08,-0.47,1.28,-0.36,-0.26,-0.7,0.47,0.15,1
Irf6,2.06,-0.48,-0.09,0.12,1.49,-0.52,-0.33,-0.41,-0.76,-1.07,1
Hsd11b1,2.42,-0.61,-0.31,-0.09,1.11,-0.23,-0.73,-0.71,-0.46,-0.38,1
Camk1g,-1.39,1.23,1.18,0.15,-0.49,0.79,0.7,0.13,-1.39,-0.92,3
Frmd4a,-1.36,-0.66,-0.75,0.39,-0.81,0.86,0.9,0.97,1.41,-0.95,3
Phyh,1.82,-0.58,0.12,-0.33,1.67,-0.61,-1.09,-0.81,-0.41,0.23,1
Mcm10,1.55,-0.62,1.67,-1.01,0.64,-1.06,-0.43,-0.1,-0.8,0.16,1
Pdss1,1.53,-0.53,1.54,-1.09,0.75,-0.91,-0.7,0.16,-0.94,0.19,1
C8g,1.89,0.2,0.97,-0.86,1.11,-0.8,-0.59,-0.26,-1.02,-0.63,1
Kyat1,2.33,-0.51,0.55,-0.63,1,-0.57,-0.57,-0.28,-0.63,-0.69,1
Usp20,2.11,-0.2,-0.08,-0.49,0.1,-0.5,0.6,0.78,-0.75,-1.58,1
Kynu,-1.54,0.15,-0.72,0.17,-1.13,0.37,-0.01,-0.26,1.15,1.8,3
Arhgap15,1.36,-1.04,-0.27,0.98,1.66,-0.71,-1.07,-0.78,-0.11,-0.02,1
Upp2,1.58,-0.8,0.35,-0.58,1.89,-0.78,-0.81,-0.7,0.11,-0.26,1
Tanc1,-1.22,-0.16,-1.19,0.3,-1.1,0.82,1.41,0.33,1.32,-0.5,3
Spc25,-1.04,-0.03,-0.76,-0.49,-0.41,0.53,-0.29,-0.58,0.67,2.4,2
Agps,2.17,-0.86,-0.01,-0.38,1.46,-0.47,-0.74,-0.56,-0.32,-0.29,1
Pjvk,-1.45,0.18,0.32,-0.85,-1.59,0.86,0.71,0.32,0.03,1.47,3
Zfp385b,-1.78,0.75,-0.64,-0.14,-1.44,0.72,0.34,0.35,0.53,1.31,3
Frzb,2.26,-0.55,0.33,-0.28,1.23,-0.44,-0.59,-0.49,-0.71,-0.77,1
Tfpi,-1.3,-0.49,-0.48,0.47,-0.98,0.35,-0.42,-0.11,0.78,2.18,2
Prr5l,-0.86,0.97,0.12,-0.44,-0.61,0.77,1.06,1.42,-1.1,-1.34,3
Them7,1.53,-0.56,1.69,-0.98,0.56,-0.77,-0.76,0.49,-0.8,-0.4,1
Bbox1,-0.91,0.6,-1.22,-0.66,0.02,0.23,0.09,-1.05,0.95,1.95,2
Scg5,-1.84,0.56,1.35,-0.15,-1.3,0.56,0.09,-0.63,0.43,0.93,3
Golm2,1.51,-0.93,-0.65,-0.4,2.08,-0.44,-0.83,-0.05,-0.29,0,1
Usp8,2.13,-0.57,-0.5,-0.49,1.06,-0.88,0.38,0.42,-0.45,-1.1,1
Slc4a11,-1.17,0.99,-0.46,1.01,-0.73,1.26,0.91,0.05,-0.3,-1.54,3
Sptlc3,-1.1,-0.22,-1.03,0.44,-0.03,-0.07,-0.43,-0.62,0.72,2.32,2
Macrod2,1.68,-0.72,0.28,-0.51,1.91,-0.74,-0.71,-0.09,-0.56,-0.54,1
Zfp937,2.2,-0.86,-0.67,0.16,1.19,-0.44,-0.27,-1.12,-0.14,-0.05,1
Apmap,-1.68,0.46,-0.6,0.35,-1.09,0.98,0.25,-0.9,1.06,1.16,3
Defb29,1.02,-0.82,1.16,-0.73,1.24,-0.67,-1.14,0.19,-1.14,0.88,1
Acss2,2.17,0.41,-0.85,-0.41,0.97,-0.94,0.11,0.18,-0.72,-0.93,1
Wfdc2,-1.94,1.06,0.8,-0.23,-1.41,0.34,0.11,-0.19,0.43,1.03,3
Tspan7,-1.46,0.1,-0.27,0.45,-0.75,0.36,-0.6,-0.72,0.8,2.09,2
Maoa,-1.69,0.1,-0.08,0.87,-1.63,0.58,0.11,-0.34,0.8,1.28,3
Kdm6a,-0.8,-0.91,-1.16,-0.8,-0.79,0.88,1.48,0.72,1.19,0.19,3
Chst7,2.4,-0.51,0.17,-0.5,1.05,-0.63,-0.6,-0.11,-0.67,-0.6,1
Apln,-1.29,0.22,-1.1,-0.7,-1.01,1.5,1.01,0.02,1.11,0.24,3
Xpnpep2,-1,1.9,-1.95,0.51,0.11,0.2,-0.13,-0.07,0.49,-0.06,3
AW822252,2.34,-0.4,-0.1,-0.52,1.3,-0.5,-0.59,-0.54,-0.38,-0.61,1
Fhl1,2.17,-0.63,0.69,-0.85,1.06,-0.72,-0.57,0.02,-0.52,-0.65,1
Mpp1,1.72,-0.41,0.69,-0.66,0.71,-0.85,-1.16,-0.99,-0.2,1.17,1
Xist,-0.89,-0.89,-0.89,-0.89,-0.89,0.72,1.51,0.98,1.12,0.13,3
Sytl4,-0.63,-0.15,-0.67,0.11,-0.99,0.98,0.97,0.97,1.14,-1.73,3
Bhlhb9,-1.89,1.17,-1.58,-0.07,0.26,0.88,0.14,0.4,-0.07,0.75,3
Bex4,-1.18,0.43,-0.59,-0.42,-0.45,-0.11,0.15,-0.41,0.03,2.55,2
Radx,-1.41,-0.05,-1.02,0.53,-1.26,0.75,0.23,-0.36,1.26,1.33,3
Capn6,-1.03,0.77,0.56,-0.1,-2.1,0.76,0.84,0.34,0.75,-0.8,3
Asb9,1.34,-0.46,1.2,-0.46,1.44,-0.39,-1.14,-0.21,-1.34,0.02,1
Slc7a12,-1.75,0.38,-0.23,-0.22,-1.65,1.18,0.56,0.16,0.7,0.86,3
Cyp7b1,2.2,-0.49,-0.46,-0.38,1.55,-0.48,-0.49,-0.49,-0.48,-0.47,1
Mtfr1,2.11,-0.41,0.2,-0.55,1.42,-0.68,-0.89,-0.7,-0.51,-0.01,1
Sucnr1,1.76,-0.4,0.62,-0.55,1.67,-0.87,-0.73,-0.24,-0.84,-0.42,1
Mme,-1.4,-0.2,-1.38,0.19,-0.8,0.84,1.41,0.11,1.3,-0.09,3
Fgb,-0.9,-0.37,-0.62,2.14,-0.63,0.23,-0.79,-0.75,0.72,0.97,2
Cd1d1,-1.5,-0.99,-1.15,0.71,0.13,0.33,0.58,-0.49,0.73,1.64,2
Trim46,-1.29,1.22,-0.14,-0.54,-1.52,0.56,0.81,1.44,-0.42,-0.1,3
Dcst1,1.75,-0.66,1.72,-0.78,0.22,-0.48,-0.74,0.36,-0.76,-0.63,1
Smcp,2.11,-0.98,1.13,-0.75,0.61,-0.67,-0.83,-0.18,-0.46,0.03,1
Tdrkh,-1.84,0.71,-0.36,0.7,-1.59,0.34,0.58,-0.25,0.84,0.86,3
Selenbp2,2.05,-0.35,0.98,-1.16,0.75,-0.69,-0.7,0.28,-0.78,-0.38,1
Fmo5,2.43,-0.59,0.19,-0.5,1.02,-0.57,-0.57,-0.22,-0.62,-0.57,1
Gm4450,-1.3,0.53,-0.3,-0.84,-1.53,0.8,0.4,0.37,0.15,1.71,3
Gm10681,-0.98,-0.2,-0.93,-0.43,-0.93,0.78,-0.11,-0.18,0.76,2.2,2
Hsd3b3,1.46,0.94,0.59,-1.42,-0.64,-1.73,0.12,0.21,0.05,0.42,1
Hao2,-1.85,0.84,-0.33,0.52,-1.6,0.79,0.47,-0.14,0.33,0.97,3
Slc16a4,-1.16,0.01,-0.02,-1.55,-0.58,0.74,-0.28,0.15,0.78,1.91,2
Plppr4,-1.76,0.1,-0.38,0.53,-1.67,0.9,1.04,0.38,0.81,0.06,3
Tlcd4,1.71,-0.97,-0.8,-0.52,1.88,-0.56,-0.44,-0.41,0.05,0.06,1
Ugt8a,1.93,-0.52,-0.01,-0.22,1.78,-0.52,-0.52,-0.59,-0.58,-0.75,1
Elovl6,-1.72,0.23,-0.7,0.01,-1.43,1.23,1.1,0.21,0.79,0.28,3
Rrh,-1.58,1.1,-0.87,-0.54,-1.2,0.83,0.78,-0.21,0.97,0.72,3
Etnppl,1.34,-0.05,1.28,-0.19,0.66,-1.39,-0.16,0.75,-0.92,-1.31,1
Npnt,-1.12,-0.44,-1.38,1.22,-0.62,1.24,0.84,0.71,0.47,-0.91,3
0610031O16Rik,2.39,-0.56,0.58,-0.6,0.88,-0.58,-0.63,-0.32,-0.58,-0.58,1
Adh1,2.18,-0.67,0.73,-0.31,1.08,-0.74,-0.86,-0.39,-0.55,-0.48,1
Gbp3,-1.22,0.14,-0.97,-0.16,-1.15,1.17,0.45,-0.71,0.95,1.5,3
Mcoln2,-1.57,0.51,-0.71,0.04,-1.36,0.71,1.75,0.5,0.3,-0.18,3
Ctbs,1.74,-0.7,0.52,-0.77,1.74,-0.6,-0.86,-0.13,-0.66,-0.28,1
Wwp1,1.58,-0.89,0.53,-0.68,1.67,-0.83,-0.43,0.41,-0.35,-1.01,1
Slc7a13,2.22,-0.53,0.02,-0.49,1.45,-0.57,-0.55,-0.41,-0.57,-0.57,1
Arhgef39,1.21,-0.56,1.67,-0.72,0.91,-0.68,-0.76,0.66,-0.65,-1.09,1
Car9,2.4,-0.43,0.51,-0.69,0.62,-0.72,-0.14,0.1,-0.95,-0.7,1
Gm12678,1.6,-0.33,1.78,-0.61,-0.01,-0.74,-0.88,0.37,-1.15,-0.03,1
Aldh1b1,-1.47,-0.04,0.55,-0.21,-1.88,1.5,0.6,0.28,0.5,0.17,3
Acnat1,-1.15,-0.58,-1.4,0.73,-0.39,0.44,0.2,-0.62,1.71,1.07,2
Baat,-1.51,1.05,-0.78,-0.42,-1.21,0.98,0.76,-0.6,0.92,0.8,3
Epb41l4b,-1.84,-0.05,-0.08,0.84,-0.77,1.26,1.01,-0.61,0.93,-0.69,3
Ptgr1,1.61,-0.67,0.66,-0.62,1.72,-0.69,-0.87,-0.16,-0.94,-0.04,1
Rgs3,-1,0.17,-0.84,0.08,-1.59,1.03,0.33,-0.26,0.23,1.86,2
Cyp2j13,2.38,-0.52,-0.1,-0.45,1.24,-0.53,-0.53,-0.45,-0.52,-0.52,1
Cyp2j5,1.76,-0.44,0.33,-0.44,1.79,-0.87,-0.87,-0.62,-0.52,-0.13,1
Angptl3,-1.49,0.25,-0.56,-0.2,-1.14,0.51,0.23,-0.43,0.89,1.94,3
Dio1,-0.95,0.03,-1.02,-0.74,-0.7,1.32,-0.21,-0.47,0.96,1.76,2
Cyp4a12a,2.8,-0.42,-0.18,-0.16,0.03,-0.5,-0.3,-0.35,-0.5,-0.44,1
Cyp4a12b,2.01,-0.43,0.34,0.93,0.67,-1.07,-0.16,-0.22,-1.13,-0.94,1
Cyp4a14,-1.54,0.62,-0.69,0.83,-1.39,-0.04,1.3,-0.45,0.27,1.09,2
Cyp4b1,2.38,-0.52,0.54,-0.54,0.86,-0.69,-0.6,-0.1,-0.68,-0.65,1
Slc6a9,2.04,-0.13,0.66,-0.97,0.36,-0.65,0.1,0.75,-1.06,-1.1,1
Ybx1,1.65,-1.14,0.66,-0.5,1.66,-0.34,-1.04,-0.46,-0.2,-0.29,1
Bsdc1,2.45,-0.05,0.42,-0.67,0.68,-0.56,-0.38,-0.26,-0.98,-0.65,1
Dhdds,1.7,0.58,1.26,-1.36,-0.08,-0.72,-0.18,0.49,-0.59,-1.09,1
Trim63,1.19,-0.54,1.61,-1.17,1.07,-0.59,-1.2,0.32,-0.51,-0.18,1
Slc30a2,1.9,-0.86,0.03,-0.18,1.65,-0.53,-1.05,-0.68,-0.07,-0.21,1
Paqr7,2.2,-0.05,0.89,-0.93,0.72,-0.92,-0.4,-0.14,-0.72,-0.65,1
Padi2,-1.14,0.67,-0.61,-0.3,-1.17,0.27,2.06,0.72,0.23,-0.72,3
Ubiad1,2.06,0.01,0.97,-0.94,0.47,-0.63,-0.27,0.37,-0.88,-1.15,1
Angptl7,2.53,-0.19,0.27,-0.91,0.54,-0.84,-0.56,-0.15,-0.57,-0.11,1
Acot7,-1.46,0.27,0.28,-0.55,-1.42,1.9,0.26,0.83,0.12,-0.23,3
Abcb1a,-1.47,0.52,-1.22,0.45,-1.05,0.14,0.85,-0.53,1.36,0.95,3
Abcb1b,-1.53,0.27,-1.01,0.36,-1.18,0.33,1.12,-0.48,1.39,0.72,3
Crot,1.93,-0.78,0.3,-0.55,1.65,-0.62,-0.8,-0.27,-0.62,-0.23,1
Cd36,2.17,-0.71,-0.41,-0.44,1.56,-0.42,-0.53,-0.53,-0.33,-0.37,1
Gsap,2.31,-0.6,0.28,-0.28,1.11,-0.8,-0.46,-0.13,-0.71,-0.73,1
Slc5a6,-1.09,0.39,0.94,-1.45,-1.39,0.33,1.04,1.15,-0.3,0.39,3
Sh3bp2,2.58,-0.58,0.43,-0.56,-0.3,-0.38,-0.06,-0.59,-0.9,0.34,1
Htt,1.35,-0.99,0.66,-1.25,0.77,-0.31,0.6,0.16,0.65,-1.64,1
Hgfac,-1.16,1.16,0.32,-0.92,-1.81,0.27,0.53,1.28,0.06,0.28,3
Acox3,2.41,-0.37,-0.17,-0.69,1.04,-0.78,-0.16,-0.15,-0.24,-0.87,1
Stk32b,-1.26,0.63,-0.77,-0.4,-1.46,0.22,1.13,0.12,1.67,0.12,3
Nsg1,-1.86,0.38,0.62,-0.33,-1.72,0.8,0.44,0.33,0.93,0.4,3
Prom1,-1.16,-0.17,-1.4,1.57,-0.61,0.85,-0.01,-0.76,1.06,0.63,2
Lap3,1.98,-0.67,1.02,-0.79,1.12,-0.75,-0.64,-0.07,-0.65,-0.55,1
Cckar,2.43,-0.42,0.07,-0.9,0.84,-0.59,-0.1,0.1,-0.81,-0.62,1
Gm15823,1.31,-0.63,0.47,0.1,2.09,-0.65,-0.85,-0.5,-0.67,-0.67,1
Ugt2b34,-1.55,0.16,-0.75,-0.02,-0.87,0.17,0.48,-0.65,1.56,1.46,3
Ugt2b37,1.94,-0.54,-0.22,-0.47,1.83,-0.55,-0.56,-0.3,-0.56,-0.55,1
Ugt2b38,2.08,-0.45,0.25,-0.46,1.52,-0.7,-0.62,-0.29,-0.72,-0.61,1
Gc,-1.54,0.52,-0.28,0.83,-1.04,-0.26,-0.04,-0.82,0.91,1.72,2
Alb,-1.56,1,-0.56,0.34,-1.33,-0.42,0.16,-0.13,1.36,1.14,3
Parm1,-1.41,0.71,0.21,0.79,-0.75,0.88,0.74,0.93,-0.36,-1.73,3
Gpat3,-1.67,1.4,-0.74,1.3,0.17,-0.25,-0.25,-0.63,-0.45,1.12,3
Hsd17b11,2.1,-0.69,0.98,-0.5,0.93,-0.64,-0.8,-0.04,-0.86,-0.48,1
Spp1,-1.42,0.19,-0.62,1.59,-0.45,0.42,-0.54,-1.09,0.55,1.37,2
Coro1c,1.7,0.16,0.53,-0.3,0.05,-0.82,0.16,1.17,-1.1,-1.56,1
Brap,1.99,-0.83,0.02,0.13,1.41,-0.67,-0.47,-0.5,0.11,-1.18,1
Hpd,-1.11,1.15,-1.27,0.02,-1.1,1.15,0.09,-0.74,1.14,0.66,3
Aacs,1.62,-0.15,1.22,-1.44,-0.49,-0.74,-0.14,1.19,-0.56,-0.49,1
Gusb,2.71,-0.16,-0.07,-0.48,0.25,-0.58,-0.34,-0.01,-0.74,-0.58,1
Castor2,1.91,-0.83,0.55,-0.01,0.3,-0.77,-0.19,0.75,0.04,-1.75,1
Tmem120a,1.87,0.82,0.32,-0.92,0.59,-1.19,-0.42,0.6,-1.16,-0.51,1
Zcwpw1,-1.7,0.13,-0.32,-0.34,-0.55,0.97,-0.32,1,1.77,-0.63,3
Azgp1,2.68,-0.23,-0.32,-0.38,0.62,-0.55,-0.48,-0.38,-0.5,-0.47,1
Slc46a3,2.51,-0.08,0.12,-0.82,0.75,-0.71,-0.46,-0.16,-0.49,-0.67,1
Cttnbp2,-1.04,-0.48,-0.52,-0.18,-0.92,0.55,1.51,0.99,1.26,-1.18,3
Aass,2.15,-0.13,-0.8,-0.21,1.32,-1.27,-0.18,-0.36,-0.22,-0.32,1
Cadps2,-1.58,-0.17,-0.86,0.54,-0.44,0.88,0,-0.75,1.93,0.44,2
Tmem229a,1.37,-0.91,0.24,-0.01,2.14,-0.69,-0.47,-0.74,-0.44,-0.49,1
Mkrn1,1.81,-0.53,-1.08,0.7,0.99,-0.5,-0.17,0.39,-0.08,-1.54,1
Gimap8,-1.28,-0.37,-0.96,0.42,-1.21,0.51,0.57,-0.45,1.48,1.3,3
Tmem176a,2.13,-0.35,0.46,-0.52,1.23,-0.57,-1.04,-0.64,-0.71,0.02,1
Mpp6,2.01,-0.97,0.8,-0.51,1.24,-0.43,-0.86,-0.64,-0.24,-0.41,1
Cycs,1.35,-0.83,1.38,-0.47,1.36,-0.73,-1.02,-0.38,-0.87,0.22,1
Halr1,-1.11,0.27,-0.9,0.19,-0.87,0.91,-0.58,-0.24,0.12,2.2,2
Plekha8,1.9,-1.16,0.7,-0.34,1.3,-0.78,-0.04,-0.17,-0.44,-0.96,1
Znrf2,1.52,-0.92,0.1,-0.36,2.08,-0.33,-0.55,-0.66,-0.16,-0.71,1
Ggct,1.79,-0.9,0.05,-0.55,1.42,0.4,-1.08,-0.97,-0.52,0.37,1
Inmt,2.02,-0.4,0.53,-0.7,1.35,-0.79,-0.8,0.1,-0.7,-0.62,1
Nap1l5,-1.72,1.19,-1.34,-0.12,-0.65,0.6,-0.33,0.84,0.68,0.86,3
Fabp1,-1.14,-0.27,-0.4,0.43,-1.12,-0.31,1.26,-0.43,-0.07,2.04,2
Capg,-1.64,0.98,-0.66,0.04,-1.37,1.41,0.93,-0.15,0.39,0.07,3
Nat8f5,1.78,-0.51,1.04,-1.12,1.16,-1,-0.68,-0.33,-0.53,0.19,1
Nat8,1.72,-0.51,1.2,-0.98,1.09,-1.01,-0.83,-0.01,-0.69,0.02,1
Nat8f2,1.95,-0.44,0.3,0.18,1.39,-1.16,-0.82,-0.35,-0.87,-0.18,1
Pdzrn3,1.65,-0.66,0.83,-0.03,1.55,-0.5,-0.91,-0.1,-0.91,-0.92,1
Fancd2os,1.84,-0.94,0.09,-1.02,1.64,-0.19,-0.54,0.2,-0.68,-0.41,1
Cand2,-1.63,0.34,-0.35,0.19,-1.21,0.96,0.9,1.48,0.13,-0.81,3
Spsb2,1.53,0.26,1.33,-0.84,0.08,-0.7,-0.35,0.96,-1.19,-1.07,1
Ntf3,-1.29,-0.95,0.36,0.38,-1.16,1.7,0.73,0.78,0.3,-0.84,3
Tulp3,1.9,-0.91,-0.05,-0.93,1.18,-0.52,-0.14,0.33,0.45,-1.3,1
Pzp,2.51,-0.46,-0.43,-0.37,1.06,-0.47,-0.46,-0.45,-0.46,-0.46,1
Kap,2,-0.78,-0.49,-0.73,1.67,-0.08,-0.63,-0.49,-0.38,-0.08,1
Plbd1,-1.1,-0.16,-0.77,1.3,-1.19,0.05,-0.25,-0.35,0.61,1.87,2
Mgst1,-1.13,0.17,-0.77,0.85,-0.67,-0.09,-0.09,-0.96,0.51,2.18,2
Slco1a1,2.62,-0.44,-0.36,-0.4,0.81,-0.45,-0.45,-0.43,-0.45,-0.44,1
Etnk1,-1.49,-0.26,-1.05,0.35,-0.9,0.77,0.93,-0.46,1.68,0.43,3
Tmem86b,-1.39,1.84,-0.28,-0.4,-1.44,0.33,1.11,-0.01,0.15,0.08,3
Apoe,-1.22,1.38,-1.48,0.55,-1.08,-0.4,0.64,0.56,0.04,1.03,3
Cblc,1.98,0.41,-0.27,0.33,0.75,-0.58,-0.3,0.18,-0.71,-1.79,1
Ethe1,1.85,-0.45,0.45,0.22,1.46,-0.32,-1.01,-0.39,-1.09,-0.73,1
Ceacam1,-1.22,1.35,-0.49,-1.08,-1.01,0.82,1.17,-0.7,0.79,0.38,3
Ceacam2,-1.6,0.39,-0.7,0.36,-1.59,0.96,1.15,-0.21,0.84,0.4,3
Cyp2a4,1.72,-0.89,-1.07,-0.2,0.93,0.03,-0.99,-1.03,0.62,0.88,1
Gm15883,1.85,-0.47,-0.31,0.15,1.68,-0.69,-0.86,-0.75,-0.79,0.2,1
Prodh2,-1.17,1.29,-0.73,-0.83,-1.54,0.33,0.88,0.05,0.7,1.01,3
Pepd,2.16,-0.07,0.9,-1.22,0.48,-0.64,-0.6,0.23,-0.95,-0.28,1
Rhpn2,-0.66,0.74,-0.88,1.42,0.17,0.77,0.81,-0.04,-0.37,-1.95,3
Nudt19,2.16,-0.63,0.88,-1.22,0.75,-0.77,-0.63,-0.22,-0.26,-0.06,1
Aspdh,1.81,-0.02,1.47,-1.31,-0.13,-0.49,-0.08,0.4,-0.98,-0.66,1
Hsd17b14,-1.1,1.28,-0.4,-0.51,-1.16,0.51,1.87,0.38,-0.19,-0.68,3
Gas2,1.91,-0.29,0.71,-0.71,1.4,-0.86,-0.82,-0.35,-0.86,-0.12,1
Snrpn,1.76,-0.21,1.18,0.13,0.81,-0.84,-1.34,-0.48,-1.03,0.04,1
Slco3a1,2.25,-0.75,0.22,-0.56,1.3,-0.59,-0.6,-0.26,-0.32,-0.68,1
Sec11a,1.62,-0.69,0.69,-0.9,0.32,-0.34,-0.99,-1.04,-0.2,1.52,1
Tenm4,-1.5,0.09,-0.84,-0.06,-1.41,0.54,1.67,0.65,0.71,0.16,3
Tsku,1.83,-0.56,-0.32,-0.74,1.63,-1.15,-0.46,0.45,-0.16,-0.52,1
Il18bp,-0.84,-0.29,-0.38,-0.3,-0.79,0.58,-0.42,-0.49,0.38,2.54,2
Pde3b,-1.41,-0.67,-1.55,0.25,0.34,0.83,0.95,-0.5,1.43,0.33,3
Arl6ip1,1.69,-0.54,-0.11,0.03,1.71,-0.65,-1.18,-0.9,-0.42,0.36,1
Acsm2,2.13,-0.29,0.45,-0.73,1.26,-0.74,-0.53,0.02,-0.83,-0.73,1
Acsm3,2.32,-0.47,-0.4,-0.44,1.38,-0.49,-0.48,-0.46,-0.48,-0.49,1
Eri2,1.72,-0.72,0.36,0.01,1.67,-0.62,-0.24,-0.67,-0.23,-1.29,1
Rexo5,1.46,-0.38,1.28,-0.87,1.55,-0.61,-0.83,-0.51,-0.65,-0.45,1
Dcun1d3,1.11,-0.7,-1.27,0.18,0.58,-0.68,-0.11,-1.43,0.94,1.38,2
Htra1,1.45,-0.77,0,0.66,1.41,0.41,-1.53,-0.85,-0.8,0,1
Oat,-1.65,0.72,-0.62,0.04,-1.37,0.69,0.35,-0.44,0.91,1.37,3
Lhpp,-1.84,1.47,-0.04,0.39,-1.18,1.25,0.39,0.07,-0.38,-0.13,3
Cyp2e1,2.32,-0.5,0,-0.47,1.3,-0.59,-0.58,-0.37,-0.58,-0.54,1
Cox8b,-1.02,-0.85,-0.87,-0.88,-0.04,1.39,-0.23,1.74,0.81,-0.05,3
BC024386,1.85,-0.38,0.97,-1.5,0.86,-0.77,-0.39,0.41,-0.67,-0.37,1
Ano9,-1.75,0.01,-0.08,-0.43,-1.39,1.19,0.92,-0.01,1.19,0.37,3
Ccdc170,-1.3,0.38,-0.66,-0.81,-1.36,1,1.64,0.47,0.54,0.1,3
Fuca2,2.37,-0.55,0.05,-0.42,1.14,-0.65,-0.84,-0.33,-0.54,-0.23,1
Arfgef3,-1.26,-0.53,-0.87,-0.23,-0.99,0.84,1.8,0.71,0.88,-0.35,3
Sgk1,-0.96,-0.57,-1.21,1.15,-0.38,1.07,0.02,-1.09,1.5,0.48,2
D030045P18Rik,-1.33,0.58,-0.49,2.02,-0.11,0.44,0.71,-0.18,-0.32,-1.32,3
Sim1,-1.32,-0.02,-0.7,0.41,-0.95,0.87,1.25,0.77,1.01,-1.33,3
Smpdl3a,1.88,-0.21,-0.22,-0.19,1.55,-0.67,-1.08,-0.79,-0.71,0.44,1
Herc4,2.03,-0.67,-0.34,-0.37,1.68,-0.53,-0.31,-0.26,-0.31,-0.91,1
Dnajc12,1.66,-0.12,0.26,-0.8,1.8,-0.55,-0.78,-0.48,-1.06,0.06,1
Tmem26,2.12,-0.03,-0.14,-0.89,1.15,-0.07,0.03,-0.06,-0.82,-1.3,1
Ccdc6,2.36,-0.76,0.15,-0.43,1.09,-0.72,-0.75,-0.41,-0.44,-0.11,1
Ggt1,2.23,-0.27,0.93,-1.1,0.44,-0.62,-0.62,0.29,-0.66,-0.62,1
Ftcd,2.27,0.15,-0.41,-0.21,1.24,-0.73,-0.21,-0.62,-0.64,-0.84,1
Lrrc3,1.97,-0.16,0.34,0.07,1.06,-0.73,-0.39,0.11,-0.6,-1.67,1
Misp,-1.41,1.06,0.25,-0.64,-1.8,0.52,0.88,1.06,0.04,0.05,3
Pwwp3a,-1.02,0.71,0.69,-0.47,-1.2,0.11,1.14,1.6,-0.43,-1.12,3
Chst11,2.19,-0.51,-0.34,-0.15,1.51,-0.52,-0.41,-0.58,-0.56,-0.64,1
Fbxo7,1.99,0.39,0.7,-1.05,0.94,-0.97,-0.6,0.01,-0.89,-0.53,1
Syn3,2.15,-0.46,0.61,-0.7,1.13,-0.61,-0.38,-0.01,-0.72,-1.01,1
Stab2,-1.38,1.83,-0.91,-0.16,-1.13,-0.07,1.04,-0.04,0.71,0.11,3
Chpt1,1.11,-1.1,-0.74,-0.12,2.21,-0.21,-0.64,-0.75,0.35,-0.1,1
Slc5a8,1.85,-0.56,0.41,-0.76,1.56,-0.85,-0.13,0.07,-0.64,-0.96,1
Nr1h4,1.59,-0.41,1.08,-1.09,1.25,-0.83,-1.01,-0.42,-0.57,0.42,1
D630029K05Rik,1.84,-0.37,-0.27,-0.47,1.87,-0.61,-0.71,-0.4,-0.8,-0.07,1
Shmt2,1.51,0.33,1.43,-1.15,-0.01,-0.9,-0.12,0.78,-1.07,-0.8,1
Rdh16f2,-1.52,0.75,-0.78,0.14,-1.37,0.9,0.21,-0.4,0.55,1.52,3
Slc39a5,-0.98,1.11,0.98,-1.04,-1.63,0.22,0.95,0.97,-0.37,-0.21,3
Gm44785,2.35,-0.58,0.25,-0.55,1.15,-0.58,-0.58,-0.33,-0.57,-0.57,1
Gm15348,2.26,-0.59,0.37,-0.49,1.26,-0.56,-0.61,-0.48,-0.56,-0.6,1
Atp11a,2.17,-0.84,0.47,-0.78,1.17,-0.54,-0.54,0.13,-0.48,-0.76,1
Proz,1.75,-0.56,1.16,-0.52,0.25,-1.19,-0.79,0.56,-1.16,0.5,1
Grtp1,2.12,0.08,0.42,-1.02,0.76,-0.9,-0.4,0.51,-1.13,-0.43,1
Tmco3,2.43,-0.34,0.18,-1.09,0.7,-0.43,-0.22,0.19,-0.76,-0.66,1
Angpt2,-1.42,0.32,0.27,1.49,-1.25,1.16,0.58,0.24,-0.3,-1.09,3
Ido2,2.09,-0.47,0.29,-1.03,1.21,-0.76,-0.43,0.38,-0.42,-0.86,1
Plpp5,-1.64,0.32,-0.7,-0.12,-1.12,0.83,0.12,-0.15,0.65,1.82,3
Acsl1,-0.98,0.03,-1.5,0.73,-0.87,1,-0.03,-0.72,1.52,0.82,2
Enpp6,1.58,-0.32,-0.2,-0.91,2.07,-0.66,-0.64,-0.31,-0.08,-0.52,1
Hpgd,-1.56,-0.06,-1.11,0.11,-0.96,1.28,0.66,-0.44,1.04,1.03,3
Sap30,1.57,-0.96,0.62,-0.7,1.67,-0.89,-0.85,0.17,-0.61,-0.02,1
Aadat,-1.54,-0.01,0.15,-0.62,-1.69,0.99,0.6,0.17,0.76,1.19,3
Cpe,2.08,-0.88,-0.83,0.04,1.33,0,-0.76,-0.87,0.16,-0.29,1
Apela,-1.58,0.02,-0.48,1.53,-0.96,1.48,-0.2,-0.66,0.48,0.37,2
Nat2,1.83,-0.62,0.78,-0.53,1.57,-0.44,-0.8,-0.62,-0.57,-0.6,1
Csgalnact1,2.49,-0.46,-0.19,-0.37,1.03,-0.4,-0.37,-0.41,-0.59,-0.74,1
Tm6sf2,-1.8,1.03,0.21,-0.46,-1.67,0.37,0.51,0.37,0.9,0.55,3
Sall1,-1.21,-0.24,-1.36,0.54,-1.03,0.68,1.21,-0.22,1.52,0.1,3
Ces1f,2.13,-0.51,0.65,-0.63,1.16,-0.74,-0.63,0.04,-0.8,-0.67,1
Ces1g,2.52,-0.41,0.33,-0.3,0.76,-0.64,-0.57,-0.39,-0.71,-0.57,1
Cpne2,-0.8,-0.2,-0.72,2.56,-0.06,0.57,0.05,-0.33,-0.19,-0.89,3
Ces2c,2.58,-0.44,-0.01,-0.47,0.8,-0.48,-0.65,-0.49,-0.56,-0.28,1
Ces2g,-0.96,2.11,-0.79,-0.12,-1.31,0.01,0.88,-0.5,0.25,0.43,3
Il34,2.67,-0.36,0.49,-0.33,-0.19,-0.51,-0.19,-0.18,-0.73,-0.68,1
Gm15895,2.67,-0.39,0.28,-0.08,0.24,-0.58,-0.37,-0.36,-0.73,-0.67,1
St3gal2,-1.91,0.56,0.08,0.03,-1.39,0.76,1.38,0.15,0.7,-0.36,3
Ldhd,2.58,-0.46,-0.16,-0.48,0.86,-0.46,-0.57,-0.4,-0.43,-0.5,1
Hsd17b2,2.14,-0.42,-0.03,-0.54,1.55,-0.46,-0.53,-0.29,-0.65,-0.75,1
Gm31774,2.54,-0.53,0.36,-0.55,0.72,-0.48,-0.52,-0.44,-0.53,-0.56,1
Cotl1,-1.22,1.4,0.82,-0.55,-1.07,-0.43,0.27,1.42,-1,0.37,3
Car5a,-1.55,0.99,-0.96,-0.24,-1.16,1.2,1.16,0.09,0.67,-0.21,3
Mvd,1.29,0.27,1.38,-1.31,-0.2,-0.7,-0.34,1.26,-0.93,-0.73,1
Galns,2.31,-0.56,0.43,-0.55,0.94,-0.73,-0.64,0.2,-0.69,-0.71,1
Kcnk1,-1.48,0.3,-0.95,0.1,-1.31,0.8,0.24,-0.2,0.92,1.58,3
Gm45875,-1.42,0.08,-0.64,-0.28,-1.37,0.85,0.28,0.12,0.49,1.89,3
Fam107a,-1.26,0.34,-0.58,-0.69,-1.54,1.3,1.03,0.92,0.68,-0.21,3
Erc2,2,-0.71,0.3,-0.49,1.57,-0.56,-0.61,-0.08,-0.72,-0.7,1
Gm45645,1.84,-0.56,0.2,-0.45,1.84,-0.58,-0.63,-0.42,-0.62,-0.63,1
Chdh,1.37,-0.89,-1.19,0.23,1.21,-0.46,0.49,0.54,0.31,-1.6,1
Itih1,2.47,-0.3,-0.3,-0.54,1,-0.53,-0.42,0.01,-0.8,-0.59,1
Hacl1,-1.49,0.06,-1.23,0.9,-0.56,0.85,-0.14,-0.73,0.88,1.45,2
Fam25c,-1.29,0.15,-0.79,-0.91,-0.85,1.44,0.29,0.09,0.16,1.72,2
ccdc198,-1.61,0.17,-0.34,0.37,-0.93,0.5,-0.41,-0.53,0.81,1.97,2
Gm48936,-1.51,0.17,-0.74,0.94,-1.83,0.49,0.68,0.32,0.88,0.59,3
Slc7a8,-0.34,1.06,-0.54,-0.22,-1.2,0.09,1.68,1.25,-0.87,-0.92,3
Rabggta,1.55,-0.08,1.38,-1.51,-0.07,-0.62,-0.2,0.91,-0.99,-0.38,1
Gm33472,-1.5,-0.19,1,-0.77,-1.47,0.63,0.03,1.07,0.01,1.19,3
Dleu7,1.34,-0.67,0.34,-0.19,2.14,-0.57,-1.02,-0.48,-0.58,-0.31,1
Gm4131,1.78,-0.13,0.41,-0.65,1.5,-0.48,-0.4,0.18,-0.85,-1.35,1
Fzd3,-1.51,-1.13,-0.9,0.4,-0.32,0.67,1.81,0.27,0.77,-0.05,3
Ephx2,1.98,-0.5,1.21,-0.72,0.8,-0.9,-0.69,0.13,-0.74,-0.59,1
Bmp1,-1.63,0.53,-0.37,0.32,-1.55,0.53,1.56,-0.23,0.8,0.04,3
Gm10845,2.25,-0.65,-0.06,0.11,1.12,-0.76,-1.07,-0.16,-0.69,-0.09,1
Olfm4,1.92,-0.51,0.12,-0.53,1.75,-0.86,-0.45,-0.34,-0.65,-0.45,1
Arhgap42,2.04,-1.2,0.43,-0.7,1.28,-0.71,-0.63,-0.4,0.05,-0.17,1
Vstm5,-0.91,1.07,0.4,-0.43,-1.15,0.37,0.28,1.96,-0.62,-0.96,3
Ap1m2,-1.81,0.35,0.22,0.88,-1.58,1.27,0.35,0.02,0.64,-0.34,3
Angptl8,-1.33,0.28,-0.05,-0.68,-1.29,0.05,0.75,-0.03,0.19,2.1,2
Tmem205,2.35,0.11,0.31,-0.47,0.38,-1,-0.73,-0.61,-0.89,0.56,1
BC049987,2.2,-0.72,0.76,-0.52,1.04,-0.55,-0.74,-0.16,-0.61,-0.69,1
Treh,2.17,-0.54,0.77,-0.74,0.95,-0.69,-0.68,0.16,-0.71,-0.69,1
Apoa4,-0.1,0.24,2.15,-0.49,-0.54,-0.72,0.99,0.46,-0.77,-1.22,3
Cadm1,2.19,-0.22,-1.15,0,1.22,-0.39,-0.06,-0.07,-0.63,-0.88,1
Bco2,1.84,-0.17,0.07,-0.41,1.8,-0.76,-0.51,-0.3,-0.89,-0.68,1
2310030G06Rik,1.63,-0.47,0.4,-0.08,1.83,-0.55,-1.07,-0.62,-0.87,-0.2,1
Acat1,2.22,-0.4,0.2,-0.69,1.35,-0.58,-0.81,-0.34,-0.57,-0.37,1
Hykk,1.8,-0.6,0.19,-0.73,1.75,-0.89,-0.14,0.01,-0.58,-0.8,1
Cyp1a1,-0.98,0.1,0.75,1.73,-1.65,0.04,0.56,-0.95,-0.28,0.69,2
Stra6,-1.53,0.69,-1.01,1.68,-1.14,0.19,0.68,0.23,-0.37,0.58,3
Aldh1a2,-1.37,-1,-0.65,0.63,-0.86,0.82,0.05,-0.35,1.34,1.4,2
Gcm1,-1.42,0.59,0.45,-0.64,-1.54,0.73,1.71,-0.19,0.43,-0.12,3
Gsta4,-1.45,0.03,-0.59,-0.2,-1.15,0.83,0.04,-0.46,1.48,1.46,3
Gsta5,-1.24,0.19,-0.71,-0.78,-1.05,1.36,0.15,-0.37,1.55,0.9,3
Gsta2,-1.9,0.65,-0.4,0.07,-1.06,0.58,0.14,-0.42,0.73,1.62,3
Gm27216,2.11,-0.58,0.72,-0.78,1.16,-0.62,-0.77,-0.02,-0.71,-0.52,1
Me1,2.15,-0.63,-0.1,-0.51,1.55,-0.55,-0.72,-0.35,-0.44,-0.39,1
Pcolce2,-1.42,0.03,-1.24,-0.31,-0.87,0.63,0.24,0.08,1.51,1.35,3
Gm16010,-1.52,-0.1,-0.77,0.89,-1.47,1.02,1.02,-0.21,0.98,0.17,3
Trf,-1.47,-0.16,-0.45,0.89,-1.11,0.22,-0.16,-0.53,1.85,0.91,2
Ifrd2,2.07,0.63,0.73,-1.33,0.06,-1.14,-0.23,0.27,-0.6,-0.46,1
Gpx1,1.24,1.26,1.36,-0.87,0.23,-1.01,-0.69,0.12,-1.25,-0.38,1
Fbxl2,2.31,-0.57,0.28,-0.59,1.05,-0.49,-0.52,0.14,-0.76,-0.83,1
Glb1,2.38,-0.33,0.58,-0.95,0.79,-0.49,-0.65,-0.23,-0.44,-0.67,1
Cmtm6,2.33,-0.53,0.51,-0.68,0.88,-0.63,-0.45,0.11,-0.84,-0.69,1
Vill,2.04,-1.13,0.84,-1.21,0.25,-0.17,-0.65,0.71,-0.62,-0.05,1
Slc22a13,-1.25,0.69,-0.18,-0.77,-1.85,1.14,1,0.49,0.58,0.17,3
Tcaim,2.21,-0.76,0.16,-0.72,1.34,-0.68,-0.3,-0.14,-0.57,-0.55,1
Castor1,2.21,-0.25,0.38,-1.19,1.17,-0.4,-0.43,-0.39,-0.42,-0.68,1
Gm11992,1.46,-0.55,0.38,-0.34,1.94,-0.45,-0.9,-0.26,-1.2,-0.08,1
Ccng1,1.04,-0.42,-0.48,0.53,2.21,-0.66,-1.1,-0.79,-0.18,-0.14,1
Timd2,2.13,-0.43,-0.25,-0.26,1.6,-0.6,-0.55,-0.45,-0.61,-0.58,1
Mrnip,1.26,-0.58,0.62,-0.35,1.94,-0.38,-0.83,0.23,-1.16,-0.76,1
Nhp2,1.67,-0.68,1.65,-0.67,0.68,-0.65,-0.84,0.09,-0.93,-0.3,1
Anxa6,-1.72,0.35,0.15,0.51,-1.78,0.71,1.08,0.1,0.86,-0.25,3
Aldh3a2,2.31,-0.32,-0.48,-0.4,1.38,-0.62,-0.37,-0.4,-0.56,-0.53,1
Slc47a1,2.3,0,0.4,-0.77,0.99,-0.84,-0.54,-0.18,-0.73,-0.62,1
Mmgt2,-2.48,1.14,-0.36,0.84,-0.33,0.61,0.01,-0.01,0.12,0.47,3
Hs3st3b1,-1.1,-0.65,-1.03,2.05,-0.26,0.82,-0.16,-0.66,0.95,0.04,2
Chd3,1.66,0.08,0.96,-1.08,0.26,-0.91,0.07,1.03,-0.86,-1.21,1
Serpinf2,2.28,-0.6,0.5,-0.67,1.08,-0.57,-0.65,-0.1,-0.66,-0.61,1
Wdr81,2.23,-0.53,0.27,-0.64,0.87,-0.62,-0.05,0.15,-0.26,-1.42,1
Mir22hg,1.55,-1.05,0.82,-1.03,1.1,-0.31,-1.31,-0.18,0.77,-0.35,1
Tlcd2,2.12,-0.73,0.25,-0.55,1.49,-0.47,-0.7,-0.28,-0.58,-0.54,1
Tmigd1,2.05,-0.57,0.36,-0.23,1.48,-0.77,-0.82,-0.39,-0.72,-0.4,1
Blmh,1.98,-0.8,0.39,-0.35,1.54,-0.53,-0.97,-0.48,-0.54,-0.25,1
Pipox,2.01,-0.21,0.21,-0.6,1.35,-0.91,-1.13,-0.6,-0.4,0.28,1
Tmem98,-1.77,0.13,0.81,0.76,-1.63,0.83,-0.05,-0.33,0.21,1.04,2
Car4,2.16,-0.12,0.87,-0.51,0.85,-0.64,-1.09,-0.32,-0.89,-0.31,1
Gdpd1,-1.37,-0.2,-0.37,0.95,0.15,1.88,-0.09,-1.52,0.39,0.17,2
Pctp,2.17,-0.16,0.51,-0.52,1.14,-0.82,-0.56,-0.28,-1.08,-0.41,1
Mmd,-1.25,-0.54,-1.28,1.02,-0.67,1.14,0.04,-0.62,1.12,1.03,2
Abcc3,-1.37,0.35,-0.68,-0.55,-1.25,1.11,1.78,0.07,0.51,0.03,3
Igf2bp1,2.46,-0.3,-0.56,-0.05,0.91,-0.19,-0.41,-0.65,-1.03,-0.18,1
Gm53,-1.73,1.09,0.82,-0.01,-1.6,0.91,0.16,0.79,-0.34,-0.09,3
Hoxb9,-1.85,-0.11,0.17,1.48,-1.04,1.31,0.23,-0.05,0.42,-0.57,3
Hoxb5os,-1.14,1.29,1.16,-0.92,-1.45,-0.04,0.18,0.81,-0.66,0.78,3
Ormdl3,-1.12,1.87,0.32,-0.57,-1.38,0.2,0.52,1.04,-0.71,-0.18,3
Nt5c3b,-1.55,0.28,-0.02,-0.39,-1.58,1.2,0.28,-0.22,0.62,1.38,3
Coasy,2.09,0.02,0.69,-1.24,0.18,-0.67,-0.31,0.85,-0.76,-0.85,1
Acbd4,1.35,0.83,1.25,-1.09,-0.49,-0.78,-0.01,0.93,-1.08,-0.92,1
Apoh,2.58,-0.45,-0.33,-0.36,0.9,-0.48,-0.45,-0.49,-0.42,-0.51,1
Arsg,1.96,-0.77,0.73,-0.34,1.21,-0.07,-0.94,-0.16,-1.14,-0.49,1
Map2k6,1.88,-0.69,0.64,-0.64,1.57,-0.82,-0.54,-0.27,-0.67,-0.47,1
Ttyh2,1.88,-0.66,-0.62,0.81,1.5,-0.62,-0.62,-0.38,-0.56,-0.74,1
Trim47,2.03,0.35,1.28,-0.99,0.43,-0.6,-0.67,-0.5,-0.53,-0.78,1
Acox1,2.33,-0.83,-0.09,-0.34,1.15,-0.97,-0.57,-0.2,-0.09,-0.38,1
Akr1c14,1.98,-0.89,-0.63,-0.51,1.36,-0.22,-0.93,-0.68,-0.09,0.62,1
Akr1c18,-0.6,-0.55,-0.53,-0.44,-0.64,0.99,-0.47,-0.47,0.28,2.44,2
Gm9973,-1.6,0.16,-0.21,-0.28,-1.49,0.89,0.06,0.18,0.56,1.72,3
Akr1c21,1.49,0.14,0.68,-0.5,1.69,-0.94,-0.87,-0.19,-1.2,-0.3,1
Gm40663,-1.49,0.32,-1,0.57,-1.25,0.67,0.42,-0.6,1.13,1.24,3
Idi1,2.18,-0.55,-0.25,-0.35,1.55,-0.54,-0.48,-0.44,-0.53,-0.6,1
Larp4b,0.96,-1.55,-0.37,-0.25,1.21,-0.29,-0.59,-1.19,1.16,0.91,2
Slc17a2,-1.29,-0.3,-0.75,-0.45,-1.22,1.33,0.73,-0.31,0.95,1.3,3
Slc17a3,2.06,-0.61,0.9,-1.11,1.01,-0.64,-0.49,-0.13,-0.77,-0.22,1
Slc17a1,2.11,-0.66,0.32,-0.66,1.38,-0.72,-0.76,-0.42,-0.62,0.05,1
Foxq1,-1.33,0.21,-1.37,0.39,-0.54,1.19,0.62,-1.09,0.96,0.97,2
Rpp40,2.19,-0.54,-0.13,-0.36,1.47,-0.45,-0.85,-0.48,-0.64,-0.21,1
Lyrm4,1.13,-0.73,-0.87,1.25,1.82,-0.44,-0.74,-0.62,-0.63,-0.17,1
Elovl2,-1.4,-0.36,-1.24,0.47,-0.97,0.68,0.58,-0.29,1.03,1.51,3
Tpmt,1.59,-0.84,0.87,-0.77,1.43,-0.79,-0.98,-0.01,-0.82,0.32,1
Id4,-1.46,-0.22,-1.26,0.41,-0.25,1.26,-0.09,-0.66,1.57,0.69,2
Golm1,-1.8,0.5,-0.87,1.29,-1.33,0.2,0.71,0.75,0.48,0.07,3
Fbp2,-1.18,0.33,-0.72,0.69,-1.31,0.56,0.02,-0.7,0.34,1.97,2
Slc35d2,1.94,-0.76,0.29,0.22,1.5,-0.57,-0.99,-0.33,-0.72,-0.58,1
Srd5a1,1.89,-0.38,1.09,-0.77,0.99,-0.64,-0.66,0.26,-1,-0.78,1
Tppp,-1.34,0.03,-0.96,-0.6,-0.86,-0.03,1.95,0.96,0.66,0.19,3
Acot12,2.1,-0.65,-0.1,-0.29,1.46,-0.63,-0.87,-0.78,-0.37,0.13,1
Bhmt,-1.41,1.13,-0.84,-0.09,-1.27,0.52,1.38,-0.67,0.67,0.57,3
Arsb,2.24,-0.28,-0.89,-0.51,1.28,-0.69,-0.61,0.19,-0.18,-0.54,1
Lhfpl2,-1.18,0.51,-1.28,2.02,0.25,0.51,0.58,-0.05,-0.74,-0.62,3
Depdc1b,2.16,-0.14,0.66,-0.29,0.87,-0.26,-0.26,-0.41,-1,-1.33,1
Trib2,2.59,-0.78,-0.26,-0.36,0.57,-0.36,0.12,-0.91,-0.38,-0.23,1
Odc1,2.56,-0.38,0.76,-0.54,0.19,-0.54,-0.45,-0.39,-0.59,-0.62,1
Agmo,-0.96,0.11,-0.78,1.55,0.09,0.15,-0.88,-1.33,0.58,1.47,2
Etv1,2.21,-0.2,-0.23,-0.08,1.31,-0.75,-0.63,-0.99,-0.59,-0.04,1
Slc25a21,1.42,0.25,1.45,-0.72,0.63,-0.99,-0.61,0.47,-1.45,-0.47,1
Pygl,-1.48,0.19,-0.44,0.14,-1.34,1.39,0.27,0.47,1.45,-0.67,3
Wdr89,1.38,0.32,0.58,-0.35,1.56,-0.29,-0.18,-0.42,-0.84,-1.76,1
Sgpp1,1.1,-1.04,-0.01,0.08,2.02,-0.51,-0.89,-1.1,-0.19,0.54,1
Hspa2,-1.47,-0.13,-0.99,-0.31,-1.21,1.31,0.68,0.08,0.96,1.09,3
Arg2,-1.49,-0.03,-0.59,-0.26,-1.39,1.11,0.77,-0.32,0.94,1.27,3
Acot3,-1.6,0.7,-0.93,-0.06,-1.27,0.41,0.6,-0.2,0.86,1.47,3
Flvcr2,-1.16,0.28,-1.23,-0.38,-1.23,1.02,0.55,-0.17,1.59,0.72,3
Ston2,-1.2,0.34,-1.39,-0.28,-0.77,0.79,1.59,0.43,1.08,-0.58,3
Dglucy,2.26,0.08,-0.16,-1.22,1.13,-0.66,-0.36,-0.07,-0.57,-0.44,1
Tc2n,2.47,-0.51,-0.53,-0.21,1.1,-0.36,-0.58,-0.56,-0.43,-0.4,1
Serpina1b,2.32,-0.52,-0.13,-0.46,1.33,-0.57,-0.62,-0.31,-0.57,-0.47,1
Serpina1a,1.55,0.95,0.52,-0.37,1.35,-1.02,-0.32,-0.86,-0.88,-0.9,1
Degs2,2.41,-0.51,0.25,-0.39,1.05,-0.53,-0.69,-0.41,-0.6,-0.57,1
Aspg,1.82,-0.16,0.83,-0.88,0.61,-0.63,-0.75,1.02,-0.72,-1.15,1
Selenop,2.18,-0.47,-0.05,-0.46,1.51,-0.55,-0.71,-0.6,-0.45,-0.39,1
Prlr,-1.44,0.19,-0.9,-0.09,-1.26,0.85,0.46,-0.38,1.05,1.52,3
C1qtnf3,2.2,-0.52,0.5,-0.59,1.2,-0.64,-0.71,-0.13,-0.79,-0.53,1
Amacr,1.99,-0.49,1.09,-0.72,1.03,-0.76,-0.68,-0.08,-0.78,-0.59,1
Cdh6,-1.57,0.18,-0.81,-0.32,-1.33,0.89,1.4,0.04,0.83,0.7,3
Ank,-1.28,-0.05,-0.38,-0.2,-1.7,1.41,0.69,0.08,1.35,0.07,3
Sdc2,2.06,-0.49,0.1,-0.34,1.62,-0.48,-0.57,-0.54,-0.58,-0.78,1
Cpq,2.15,-0.11,-0.42,-0.12,1.26,-0.44,-1.15,-0.99,-0.31,0.14,1
Osr2,-0.3,0.92,1.21,-0.98,-0.54,-0.03,0.34,1.6,-1.42,-0.8,3
Slc22a22,2.05,-0.47,0.36,-0.75,1.4,-0.89,-0.59,0.03,-0.85,-0.29,1
Anxa13,2.41,-0.2,-0.85,-0.51,0.65,-0.08,-0.77,-1.03,0.25,0.13,1
Pvt1,1.61,-0.78,0.46,-0.06,1.81,-0.55,-0.59,-0.11,-1.06,-0.72,1
Ly6f,-1.22,-0.01,-0.06,-1.09,-1.19,1.5,1.37,0.28,-0.35,0.76,3
9030619P08Rik,-1.47,0.21,-0.12,-0.7,-1.65,1.41,0.56,0.21,0.73,0.81,3
Parp10,0.93,0.13,1.88,-0.62,-0.3,-0.86,0.28,0.82,-1.03,-1.24,1
Gpt,1.17,-0.2,2.04,-0.67,0.03,-1.07,-0.26,0.3,-0.05,-1.29,1
Tst,0.97,0.75,0.51,-1.51,0.1,-0.37,-1.23,-0.13,-0.75,1.65,1
Gm31369,-1.59,0.54,-0.61,-0.44,-1.59,1.12,0.96,0.57,0.4,0.64,3
Cyp2d9,2.37,-0.43,-0.51,0.21,1.1,-0.64,-0.63,-0.79,-0.35,-0.33,1
Cyp2d26,-1.5,1.68,-0.08,0.04,-1.28,0.15,1.36,-0.49,-0.21,0.35,3
Cyb5r3,1.53,0.62,1.43,-0.72,-0.26,-0.77,-0.29,0.62,-1.43,-0.73,1
Prickle1,-1.5,-0.03,-1.3,0.75,-1.01,0.49,0.53,-0.31,1.12,1.26,3
Dnajc22,2.37,-0.23,0.54,-0.88,0.62,-0.61,-0.49,-0.02,-1.12,-0.18,1
Csad,2.34,-0.66,0.13,-0.8,1.12,-0.45,-0.3,-0.09,-0.5,-0.78,1
Spidr,-1.05,-0.51,-0.95,-0.64,-1.04,1.88,0.7,0.07,0.7,0.85,3
Pi4ka,2.42,-0.74,-0.37,-0.46,1.09,-0.51,-0.26,-0.09,-0.24,-0.82,1
Aifm3,2.11,-0.03,0.36,-1.2,0.65,-0.62,-0.35,0.77,-0.71,-0.98,1
Lztr1,1.75,0.09,0.96,-1.18,0.25,-0.73,-0.27,1.04,-0.79,-1.11,1
Vps8,1.82,-0.44,1.41,-0.9,0.63,-0.67,-0.45,0.37,-0.91,-0.84,1
Dgkg,2.22,-0.33,-0.32,-0.09,1.19,-0.39,0.03,-0.21,-1.02,-1.09,1
Kng2,-1.72,0.4,-0.26,0.18,-1.52,0.88,0.12,-0.32,1.28,0.97,3
Slc51a,0.84,-0.23,2.48,-0.39,-0.13,-1.02,-0.27,-0.03,-0.65,-0.61,1
Hacd2,2.03,0.19,-1.45,-0.44,0.96,-0.91,-0.06,0.56,-0.64,-0.23,1
Fbxo40,2.2,-0.84,-0.12,-0.02,1.21,-0.64,-0.17,-0.11,-0.32,-1.2,1
Zbtb20,1.32,-0.84,0.86,-1.13,1.71,-0.92,-0.11,0.24,-0.44,-0.69,1
Gm15638,1.84,-0.53,0.52,-0.22,1.65,-0.64,-0.9,-0.36,-0.81,-0.55,1
Cpox,1.82,-0.87,0.4,-0.39,1.64,-0.73,-0.9,-0.52,-0.56,0.12,1
Gm30162,-0.59,-0.63,-1.04,1.57,-0.42,1.39,-0.66,-0.9,0.11,1.16,2
Gm32461,1.39,-0.61,1.09,-0.26,1.61,-0.7,-0.79,-0.1,-1.28,-0.34,1
Hunk,1.98,-0.97,-0.02,-0.25,1.54,-0.17,-0.54,-0.39,-0.07,-1.1,1
Setd4,-1.24,0.28,-0.68,-0.39,-1.06,1.59,0.24,-0.12,1.72,-0.33,3
Cbr1,-1.44,0.27,-0.84,-0.13,-1.34,1.3,0.57,-0.45,0.99,1.07,3
Kcnj15,2.1,0.1,-0.18,-1.3,1.1,-0.88,0.11,-0.01,-0.14,-0.92,1
Slc22a2,1.91,-0.41,1.2,-0.96,0.55,-0.73,-0.62,0.59,-0.95,-0.58,1
Airn,2.05,-0.41,0.09,0.22,1.39,-0.55,-0.6,-0.24,-1.08,-0.88,1
Amdhd2,1.42,0.73,1.06,-0.98,-0.01,-0.88,0.18,0.85,-1.32,-1.05,1
Rpl3l,1.43,-0.42,2.05,-0.86,0.24,-0.65,-0.58,0.18,-0.63,-0.76,1
Msrb1,2.17,-0.52,0.3,-0.54,1.41,-0.68,-0.58,-0.32,-0.71,-0.52,1
Igfals,-1.28,0.46,-0.68,-0.58,-1.59,1.22,0.45,0.02,0.7,1.28,3
Ergic1,1.03,-1.19,-0.94,0.88,1.59,-0.48,-1.32,-0.29,0.48,0.24,1
Fkbp5,0.48,-0.79,-1.05,-0.31,0.38,0.13,-0.18,-1.44,2.02,0.76,2
Cbs,2.38,-0.51,0.57,-0.67,0.79,-0.69,-0.63,-0.01,-0.52,-0.71,1
2310015A16Rik,-1.09,-0.08,-0.92,-0.15,-0.98,1.12,0.02,-0.78,1.37,1.49,3
Ppt2,1.99,-0.17,1.28,-0.81,0.55,-0.74,-0.52,0.19,-1.03,-0.74,1
Neu1,1.89,0.59,0.64,-0.41,0.52,-0.86,-0.28,0.39,-1.54,-0.94,1
Mep1a,2.32,-0.66,0.34,-0.77,0.94,-0.58,-0.48,0.25,-0.62,-0.75,1
Dnph1,1.54,-0.08,1.69,-0.9,0.7,-0.81,-0.63,0.1,-1.04,-0.58,1
2310039H08Rik,1.03,0.15,1.78,-1.03,0.31,-0.83,-0.56,0.88,-1.27,-0.45,1
Apobec2,1.9,-0.88,0.31,-1.24,0.71,0.08,-0.8,0.56,-1.13,0.49,1
Arhgap28,-0.86,0.82,-0.74,-0.16,-1.46,0.65,1.46,0.73,0.71,-1.14,3
Clip4,2.09,-0.37,0.14,-0.42,1.49,-0.79,-0.76,-0.14,-0.86,-0.37,1
Galnt14,1.51,-1.04,1.21,-1.49,0.49,-0.8,-0.52,0.89,-0.16,-0.08,1
Nlrc4,2.49,-0.85,-0.7,-0.33,0.65,-0.03,-0.65,-0.78,0.13,0.06,1
Prkd3,2.1,-0.74,-0.08,-0.54,1.33,-0.44,0.06,0.04,-0.48,-1.24,1
Tmem178,1.31,-0.95,0.92,-0.27,1.69,-1.08,-0.62,0.36,-0.75,-0.61,1
Kdm5d,0.92,0.94,0.58,1.2,1.04,-0.95,-0.95,-0.95,-0.94,-0.9,1
Eif2s3y,0.92,0.77,0.49,1.09,1.37,-0.93,-0.93,-0.93,-0.93,-0.93,1
Uty,1.09,0.68,0.44,0.78,1.55,-0.91,-0.91,-0.91,-0.91,-0.91,1
Ddx3y,1.03,0.66,0.53,1.01,1.39,-0.93,-0.93,-0.93,-0.93,-0.92,1
Ankrd29,1.37,-1.18,-0.23,-0.59,1.76,-0.14,-1.2,-0.63,0.53,0.3,1
Lama3,2.29,-0.81,-0.25,-0.43,1.33,-0.52,-0.6,-0.26,-0.16,-0.58,1
Ttc39c,2.02,-0.8,0.85,-0.7,1.01,-0.52,-0.91,-0.77,0.31,-0.49,1
Galnt1,1.88,-0.93,0.64,-0.54,1.5,-0.68,-0.64,-0.01,-0.47,-0.75,1
Proc,2.57,-0.34,0.32,-0.74,0.57,-0.48,-0.8,-0.29,-0.5,-0.3,1
Gypc,-1.62,-0.04,0.8,-0.95,-1.25,-0.03,0.99,1.38,0.11,0.62,3
Epb41l4a,-1.49,1.53,-1.31,1.03,-0.99,0.55,0.27,0.35,0.35,-0.29,3
Pcdh1,1.85,-0.13,1.1,-0.99,0.98,-0.79,-1.2,-0.01,-0.37,-0.45,1
Prelid2,-2.09,-0.31,0.72,1.21,-0.86,0.41,-0.15,-0.51,0.54,1.04,2
Ppic,-0.76,-0.24,-0.75,-0.81,-0.89,1.33,0.01,-0.63,0.88,1.85,2
Adrb2,1.43,-0.24,1.68,-0.88,0.47,-0.95,-0.54,0.61,-0.44,-1.14,1
Me2,-0.96,0.42,-1.41,1.84,0.48,0.6,0.48,0.04,-0.19,-1.29,3
Hsbp1l1,-1.18,-0.03,-0.69,0.19,-0.93,1.84,-0.44,-0.68,0.58,1.35,2
Cndp1,1.74,-0.45,0.62,-0.87,1.39,-0.99,-0.74,0.58,-0.63,-0.65,1
Cndp2,2.3,-0.53,0.66,-0.73,0.86,-0.65,-0.63,0.04,-0.7,-0.62,1
Cyb5a,1.74,-0.66,1.21,-0.71,1.13,-0.78,-1.01,0.07,-0.79,-0.2,1
Gm45871,1.27,-0.88,-0.8,-0.09,-0.18,0.06,-0.91,-1.19,1.31,1.4,2
Acy3,2.14,-0.53,0.99,-0.82,0.82,-0.66,-0.56,0.07,-0.82,-0.63,1
Tbx10,1.66,-0.68,1.58,-0.7,0.72,-0.72,-0.7,0.35,-0.78,-0.72,1
4833408A19Rik,1.67,0.02,1.38,-0.83,0.79,-0.64,-0.31,0.15,-1.09,-1.14,1
Slc22a12,1.84,-0.94,0.14,-0.23,1.66,-0.72,-1.08,-0.24,-0.39,-0.04,1
Slc22a26,0.26,-0.73,-1.07,-0.1,0.17,0.56,-1.17,-0.86,0.98,1.96,2
Slc22a28,1.84,-0.57,0.9,-0.64,1.33,-0.74,-0.72,0.16,-0.83,-0.72,1
Slc22a29,-1.76,0.53,-0.01,-0.7,-1.57,0.73,0.66,0.69,0.41,1.02,3
Slc22a30,2.15,-0.67,0.43,-0.55,1.32,-0.64,-0.69,-0.07,-0.65,-0.63,1
Slc22a6,2.14,-0.29,0.8,-0.97,0.8,-0.83,-0.56,0.24,-0.93,-0.4,1
Gna14,1.55,-0.84,0.36,0.24,1.88,-0.76,-0.9,-0.53,-0.55,-0.44,1
Lipo3,2.46,-0.48,-0.44,-0.34,1.14,-0.48,-0.52,-0.51,-0.42,-0.41,1
Pank1,2,-0.66,0.86,-0.66,1.32,-0.68,-0.64,-0.47,-0.56,-0.48,1
Kif20b,2.41,-0.65,0.4,-0.52,0.96,-0.5,-0.66,-0.36,-0.53,-0.55,1
Myof,-1.71,-0.13,-0.85,1.17,-0.13,0.65,1.39,0.48,0.25,-1.13,3
Cpn1,-1.08,1.21,1.78,-0.68,-1.47,-0.28,0.23,0.47,-0.4,0.22,3
Cyp2c23,-1.58,0.91,-0.54,-0.23,-1.27,0.12,1.05,-0.48,0.64,1.4,3
Scd1,-1.43,-0.25,-0.97,0.87,-1.06,0.95,-0.04,-0.32,1.65,0.6,2
Gsto1,-1.97,0.17,-0.16,0.56,-0.56,0.56,-0.33,-0.58,0.44,1.86,2
Atrnl1,2.09,-0.9,-0.35,-0.57,1.53,-0.22,-0.59,-0.38,0.09,-0.71,1
